gene,postFMT_4_jejunum
gene_3584313,133
gene_3340967,127
gene_3787930,127
gene_3101065,123
gene_4501438,119
gene_4108299,113
gene_3952247,111
gene_3703198,110
gene_4036652,110
gene_3670427,109
gene_2947127,109
gene_3516854,107
gene_4561987,104
gene_3052838,103
gene_3330827,101
gene_4225958,101
gene_4016531,99
gene_4622482,99
gene_3433148,98
gene_4540942,98
gene_3495998,98
gene_3989023,96
gene_4316990,96
gene_4423019,95
gene_3993385,94
gene_4386171,94
gene_2850056,93
gene_2928338,93
gene_4171501,93
gene_3135983,92
gene_4386762,91
gene_3001961,91
gene_3818861,91
gene_4338190,91
gene_2912316,91
gene_3057548,91
gene_3371006,90
gene_4284425,90
gene_4307382,90
gene_3730402,89
gene_3868912,87
gene_2988422,87
gene_3764696,87
gene_3702322,86
gene_4253810,86
gene_4334201,86
gene_4419584,86
gene_4339977,86
gene_3750089,85
gene_4253614,85
gene_3845823,85
gene_4100199,84
gene_3919810,84
gene_3649150,83
gene_3384069,83
gene_4330949,83
gene_3859809,83
gene_4508782,82
gene_3888271,81
gene_4627549,81
gene_4387326,80
gene_4329853,80
gene_3549943,80
gene_3790903,79
gene_2342657,79
gene_2478969,79
gene_3083162,79
gene_4274197,79
gene_3613911,79
gene_4142584,78
gene_4617382,78
gene_4147251,78
gene_3658717,78
gene_3824167,78
gene_4316493,78
gene_2485364,77
gene_3364891,77
gene_4623567,77
gene_4529375,77
gene_4344959,77
gene_4447285,77
gene_4203264,76
gene_3257034,76
gene_3867259,76
gene_3374861,76
gene_4436960,75
gene_3250147,75
gene_3188931,75
gene_3546772,75
gene_3585500,75
gene_3557724,75
gene_3210366,75
gene_3101473,75
gene_3934547,75
gene_3896903,75
gene_4346856,75
gene_4333487,74
gene_3432174,74
gene_3246467,74
gene_4032910,74
gene_2837782,74
gene_4580872,74
gene_3365448,74
gene_3721277,74
gene_3147171,74
gene_3251230,74
gene_3210147,74
gene_3260889,74
gene_4346761,73
gene_4274272,73
gene_2646438,73
gene_4513499,73
gene_4462425,73
gene_3862761,73
gene_4021122,73
gene_3616653,73
gene_3191491,73
gene_4420133,73
gene_4414410,73
gene_3772239,72
gene_3136800,72
gene_4021349,72
gene_3574173,72
gene_3667044,72
gene_3290868,72
gene_3361691,71
gene_4432102,71
gene_4158462,71
gene_4499431,71
gene_4493120,71
gene_3842103,71
gene_3580147,71
gene_3305502,71
gene_3042080,71
gene_3947041,71
gene_4528138,71
gene_4634338,71
gene_4408765,70
gene_3869673,70
gene_3705808,70
gene_4028544,70
gene_4304448,70
gene_4281171,70
gene_4512024,70
gene_3461286,69
gene_2736174,69
gene_3378237,69
gene_3630863,69
gene_3089759,69
gene_4629613,69
gene_4264534,69
gene_2217371,69
gene_3394445,69
gene_3631341,68
gene_4007429,68
gene_4218769,68
gene_4216701,68
gene_4040662,68
gene_4508783,68
gene_3291045,68
gene_2095992,67
gene_3652454,67
gene_3575890,67
gene_1924892,67
gene_3608730,67
gene_4075667,67
gene_3847211,67
gene_4632305,66
gene_3780972,66
gene_3037461,66
gene_3873906,66
gene_4378487,66
gene_3176526,66
gene_3347716,66
gene_4316177,66
gene_4548882,66
gene_3808459,65
gene_2891508,65
gene_3696813,65
gene_4542301,65
gene_4135100,65
gene_4622830,65
gene_4517226,65
gene_4466755,65
gene_4219067,65
gene_3534785,65
gene_4055190,65
gene_3724218,65
gene_3673122,65
gene_3588999,65
gene_4501677,65
gene_3082022,65
gene_3598423,64
gene_4172273,64
gene_2653875,64
gene_4164876,64
gene_3904066,64
gene_3363819,64
gene_3440800,64
gene_4229339,64
gene_3742710,64
gene_3612590,64
gene_3728839,64
gene_4320912,63
gene_4033660,63
gene_2507054,63
gene_4046817,63
gene_4566746,63
gene_4566288,63
gene_3857775,63
gene_2736075,63
gene_3841170,63
gene_3147416,63
gene_3544973,63
gene_2762763,63
gene_3569353,63
gene_4508703,63
gene_3414790,63
gene_3347464,62
gene_3032996,62
gene_4495409,62
gene_4626142,62
gene_4557870,62
gene_3740128,62
gene_4135494,62
gene_3567414,62
gene_4394211,62
gene_4305320,62
gene_3036178,62
gene_4299436,62
gene_4420630,62
gene_4410387,62
gene_2762987,62
gene_3590518,62
gene_4616863,62
gene_4203002,62
gene_4209155,62
gene_4401297,62
gene_4500981,61
gene_3988271,61
gene_3452612,61
gene_3867818,61
gene_4043077,61
gene_4014806,61
gene_4346442,61
gene_3746759,61
gene_3318738,61
gene_2933446,61
gene_3314169,61
gene_3803066,61
gene_4585997,61
gene_3196730,60
gene_3911867,60
gene_3128801,60
gene_3149382,60
gene_3137781,60
gene_3393628,60
gene_4492961,60
gene_4470407,60
gene_3042132,60
gene_3921369,60
gene_3048704,60
gene_4489862,60
gene_3939091,60
gene_3016781,59
gene_4489856,59
gene_3445319,59
gene_3465828,59
gene_4329657,59
gene_4009128,59
gene_3154619,59
gene_2803613,59
gene_4453499,59
gene_4309498,59
gene_3391546,59
gene_4032535,59
gene_4375746,59
gene_4025509,58
gene_4067681,58
gene_4258902,58
gene_4263639,58
gene_3792451,58
gene_2986687,58
gene_3866419,58
gene_4132721,58
gene_4317122,58
gene_4539942,58
gene_3008714,57
gene_4231947,57
gene_3616270,57
gene_3477059,57
gene_3473110,57
gene_2953684,57
gene_4392070,57
gene_3600794,57
gene_4265553,57
gene_4234918,57
gene_1873664,57
gene_2851782,57
gene_4484121,57
gene_4474935,57
gene_3511474,57
gene_3581102,57
gene_4406399,57
gene_3264320,57
gene_3868655,57
gene_3862165,57
gene_4179326,56
gene_4509529,56
gene_3576352,56
gene_3323454,56
gene_3836959,56
gene_3314902,56
gene_4612043,56
gene_4493590,56
gene_4044965,56
gene_2583973,56
gene_4534171,56
gene_4250014,56
gene_4606530,55
gene_4540577,55
gene_3891396,55
gene_4546409,55
gene_3555335,55
gene_4315453,55
gene_3395763,55
gene_3615601,55
gene_4520153,55
gene_2892854,55
gene_4118449,55
gene_4089602,54
gene_4305460,54
gene_4505036,54
gene_3544564,54
gene_4282247,54
gene_4403355,54
gene_4483277,54
gene_4467399,54
gene_4633058,54
gene_3433147,54
gene_4624028,54
gene_1958653,54
gene_4169428,54
gene_4018366,54
gene_4320139,54
gene_1943947,54
gene_3684198,53
gene_4420533,53
gene_4513875,53
gene_4317560,53
gene_3361261,53
gene_4604030,53
gene_3277055,53
gene_4073625,53
gene_3940284,53
gene_2609743,53
gene_4265317,53
gene_4041724,53
gene_3273310,53
gene_3646316,53
gene_3295111,53
gene_4422374,53
gene_4437273,52
gene_4172081,52
gene_3716832,52
gene_3701764,52
gene_4222121,52
gene_3992728,52
gene_4287915,52
gene_4595680,52
gene_4279215,52
gene_2347056,52
gene_3501541,52
gene_3876445,52
gene_4434951,52
gene_4147144,52
gene_3896904,52
gene_2839179,51
gene_4420132,51
gene_3746756,51
gene_4220068,51
gene_4517282,51
DSM22607_4_GL0340256,51
gene_4529292,51
gene_3996218,51
gene_2476697,51
gene_4023847,51
gene_4433565,51
gene_3049061,51
gene_4216838,51
gene_3918469,51
gene_4249474,50
gene_4383681,50
gene_3968139,50
gene_4222118,50
gene_3471875,50
gene_4106559,50
gene_4330947,50
gene_4009535,50
gene_4523717,50
gene_4257777,50
gene_3536024,50
gene_4036515,50
gene_4410467,50
gene_3977405,50
gene_3758893,50
gene_3545078,50
gene_4448664,49
gene_4347666,49
gene_3980224,49
gene_4542711,49
gene_3250146,49
gene_3412541,49
gene_4001575,49
gene_3414630,49
gene_4183762,49
gene_4544228,49
gene_3969514,49
gene_3913539,49
gene_4633740,49
gene_3986867,49
gene_2596772,49
gene_3213901,49
gene_4036360,49
gene_3470073,49
gene_3929361,48
gene_4612983,48
gene_4615338,48
gene_3203715,48
gene_3811264,48
gene_3247778,48
gene_3209101,48
gene_4053958,48
gene_4465933,48
gene_3930336,48
gene_4406968,48
gene_3638660,48
gene_3831705,48
gene_3576986,48
gene_4573738,48
gene_4157882,48
gene_3651666,48
gene_4158416,48
gene_3572156,48
gene_4596036,48
gene_3470408,48
gene_3573521,47
gene_2947255,47
gene_4003577,47
gene_4443786,47
gene_4225054,47
gene_3685730,47
gene_4088307,47
gene_3762565,47
gene_4151035,47
gene_3259552,47
gene_4474926,47
gene_4483276,47
gene_4485091,47
gene_3377575,47
gene_3335067,47
gene_4160447,47
gene_3967408,47
gene_3159664,47
gene_3991949,46
gene_4160203,46
gene_3208292,46
gene_4489830,46
gene_4562190,46
gene_2847653,46
gene_2657735,46
gene_4065008,46
gene_3996528,46
gene_4146198,46
gene_4353641,46
gene_3740383,46
gene_3431941,46
gene_3970794,46
gene_3343755,46
gene_3823488,46
gene_2195471,45
gene_3474526,45
gene_3596412,45
gene_4050456,45
gene_4383761,45
gene_4629454,45
gene_3221436,45
gene_2677191,45
gene_3892935,45
gene_3178395,45
gene_3144828,45
gene_4513576,45
gene_3740385,45
gene_3611881,45
gene_2688324,45
gene_4483988,45
gene_4152129,45
gene_3009815,45
gene_2876811,45
gene_3635121,45
gene_3587112,45
gene_4013034,45
gene_3736960,45
gene_4137251,44
gene_4085699,44
gene_2902355,44
gene_3317329,44
gene_4485092,44
gene_3784095,44
gene_4358652,44
gene_2905495,44
gene_4089409,44
gene_3790399,44
gene_3393630,44
gene_2398524,44
gene_3913077,44
gene_4070299,44
gene_3170172,44
gene_4107239,43
gene_4392938,43
gene_4090523,43
gene_4019895,43
gene_4044582,43
gene_3385642,43
gene_3649676,43
gene_2531463,43
gene_4466754,43
gene_4304251,43
gene_3675602,43
gene_3845096,43
gene_4108300,43
gene_3230397,43
gene_4485093,43
gene_4502224,43
gene_4499699,43
gene_4080231,43
gene_4593702,43
gene_4601967,43
gene_3583194,43
gene_4586186,43
gene_3331940,43
gene_3461831,43
gene_3584032,43
gene_4634916,43
gene_2684157,43
gene_4609872,43
gene_3978143,43
gene_4591505,42
gene_3247777,42
gene_4241412,42
gene_4622913,42
gene_3570114,42
gene_3241815,42
gene_3962232,42
gene_3971172,42
gene_3924911,42
gene_3700930,42
gene_4282880,42
gene_4471536,42
gene_4018401,42
gene_4157349,42
gene_4108746,42
gene_4021958,42
gene_4030929,42
gene_4040747,42
gene_4416358,42
gene_4436151,42
gene_4214772,41
gene_4058617,41
gene_3443561,41
gene_3875564,41
gene_3470506,41
gene_4497719,41
gene_4467509,41
gene_4265295,41
gene_4632783,41
gene_3998040,41
gene_3477282,41
gene_4139158,41
gene_4089261,41
gene_4168454,41
gene_3992708,41
gene_3992196,41
gene_3913538,41
gene_4279060,41
gene_3935885,41
gene_2855783,41
gene_3520790,41
gene_2855784,41
gene_4410001,41
gene_2950539,41
gene_4426549,40
gene_3911803,40
gene_3302001,40
gene_4051738,40
gene_3544107,40
gene_4310092,40
gene_3768640,40
gene_3158796,40
gene_3782836,40
gene_2489998,40
gene_2938602,40
gene_2481200,40
gene_3767204,40
gene_3656140,40
gene_3300666,40
gene_4321182,40
gene_4147143,40
gene_4385476,40
gene_4494409,40
gene_4321906,39
gene_3589527,39
gene_3339741,39
gene_2658890,39
gene_4604285,39
gene_2115899,39
gene_3312054,39
gene_3870295,39
gene_4346760,39
gene_3902442,39
gene_3408849,39
gene_3359669,39
gene_3087960,39
gene_2560333,39
gene_4412464,39
gene_4615339,39
gene_4042559,39
gene_4016255,39
gene_3729740,39
gene_4364448,39
gene_3521261,39
gene_4246894,39
gene_3730822,39
gene_3558225,39
gene_4086729,39
gene_3557530,39
gene_3659756,39
gene_3824923,39
gene_3793510,39
gene_3021138,39
gene_3391813,39
gene_4625580,38
gene_3217843,38
gene_3410007,38
gene_3533367,38
gene_3880524,38
gene_4382686,38
gene_4269533,38
gene_4217315,38
gene_4630560,38
gene_3419734,38
gene_4543219,38
gene_3335066,38
gene_2548133,38
gene_3939574,38
gene_4529699,38
gene_3617341,38
gene_3211338,38
gene_4603222,38
gene_2775055,38
gene_4445564,38
gene_4463221,38
gene_4442343,38
gene_4304252,38
gene_4611458,38
gene_4505499,38
gene_3720711,38
gene_3878529,38
gene_4334388,38
gene_4087327,38
gene_3913946,38
gene_1796288,37
gene_4034273,37
gene_4471081,37
gene_3249762,37
gene_3846320,37
gene_4373937,37
gene_3229695,37
gene_3885384,37
gene_4430403,37
gene_4540214,37
gene_4395000,37
gene_4153791,37
gene_4609966,37
gene_3886870,37
gene_2687372,37
gene_3789039,37
gene_3256291,37
gene_4096662,37
gene_4096066,37
gene_3420392,37
gene_4622483,37
gene_3000862,37
gene_3244653,37
gene_3020502,37
gene_4419114,36
gene_4270176,36
gene_3574475,36
gene_3866491,36
gene_4330948,36
gene_4426836,36
gene_4174320,36
gene_4367107,36
gene_4628276,36
gene_3452368,36
gene_3894563,36
gene_4117699,36
gene_4309799,36
gene_3508106,36
gene_3637357,36
gene_2256624,36
gene_3217844,36
gene_4612385,36
gene_4120103,36
gene_3548732,36
gene_3876300,36
gene_3986654,36
gene_4231946,36
gene_3804073,36
gene_4378040,36
gene_4598259,36
gene_4504041,36
gene_4516147,36
gene_4153792,36
gene_3110449,35
gene_2794975,35
gene_3812130,35
gene_1943946,35
gene_3269065,35
gene_4372256,35
gene_3208633,35
gene_4317729,35
gene_4492526,35
gene_4182919,35
gene_4238894,35
gene_4073708,35
gene_4495266,35
gene_3340960,35
gene_3405831,35
gene_4325086,35
gene_4419666,35
gene_4213680,35
gene_3256987,35
gene_2400855,35
gene_4387186,34
gene_4290880,34
gene_4153442,34
gene_3422190,34
gene_3098645,34
gene_2988423,34
gene_3781212,34
gene_4527576,34
gene_4363576,34
gene_3784734,34
gene_4458882,34
gene_4222117,34
gene_3902595,34
gene_4308400,34
gene_3986306,34
gene_2382596,34
gene_4099366,34
gene_4442437,34
gene_2982674,34
gene_4474117,33
gene_4540508,33
gene_3267496,33
gene_3457766,33
gene_3985860,33
gene_4252529,33
gene_3789038,33
gene_4280827,33
gene_3979507,33
gene_3030514,33
gene_4130003,33
gene_2974536,33
gene_3701217,33
gene_4064682,33
gene_2398525,33
gene_4321820,33
gene_3656089,33
gene_3825579,33
gene_4095929,33
gene_3485290,33
gene_4327639,33
gene_4609967,33
gene_3835875,33
gene_2794778,33
gene_4452467,33
gene_3942197,33
gene_3293886,33
gene_4513990,33
gene_4155791,33
gene_2942453,33
gene_4582928,33
gene_3762862,33
gene_3878528,32
gene_3979470,32
gene_4123435,32
gene_4413039,32
gene_4216341,32
gene_3945907,32
gene_3151781,32
gene_3768885,32
gene_4517630,32
gene_3483168,32
gene_3352067,32
gene_3366673,32
gene_4616818,32
gene_4159504,32
gene_3917252,32
gene_2588043,32
gene_4280128,32
gene_2517279,32
gene_2907312,32
gene_4110617,32
gene_3944013,32
gene_4059909,32
gene_4105483,32
gene_3252853,32
gene_4467507,32
gene_3387999,32
gene_2777823,32
gene_3120991,31
gene_4055708,31
gene_4411418,31
gene_3535619,31
gene_3694244,31
gene_3986267,31
gene_3576356,31
gene_4568437,31
gene_3411395,31
gene_4384708,31
gene_4618044,31
gene_3017876,31
gene_3558226,31
gene_3940249,31
gene_3958335,31
gene_3052508,31
gene_3852974,31
gene_3271895,31
gene_4121122,31
gene_3680054,31
gene_3530376,31
gene_3905031,31
gene_4179816,31
gene_3209751,31
gene_3532645,31
gene_4079729,31
gene_3873057,31
gene_3045510,31
gene_4548236,31
gene_4511433,31
gene_3992068,31
gene_4242693,31
gene_4452507,31
gene_3517306,31
gene_3656090,31
gene_3675601,31
gene_4096958,31
gene_4239190,31
gene_4492869,30
gene_3675437,30
gene_4103029,30
gene_4337085,30
gene_3738895,30
gene_4563513,30
gene_4236880,30
gene_4116340,30
gene_4149989,30
gene_3622006,30
gene_2836625,30
gene_3994098,30
gene_4443788,30
gene_3447360,30
gene_3900615,30
gene_4370922,30
gene_4062857,30
gene_4258310,30
gene_3805266,30
gene_1930568,30
gene_4467506,30
gene_3365398,30
gene_3930784,30
gene_4503882,30
gene_4274409,30
gene_2360609,30
gene_4261888,30
gene_3649966,30
gene_4435122,30
gene_4255344,30
gene_3782941,30
gene_4299283,30
gene_4513989,30
gene_4564532,30
gene_3388185,30
gene_2791557,29
gene_3468031,29
gene_3905500,29
gene_4097100,29
gene_4434871,29
gene_3070147,29
gene_3377577,29
gene_2658003,29
gene_3524799,29
gene_3606768,29
gene_4542087,29
gene_3497191,29
gene_3432626,29
gene_4306960,29
gene_4556934,29
gene_4477387,29
gene_4069655,29
gene_4348081,29
gene_2907468,29
gene_3939997,29
gene_4088309,29
gene_4021954,29
gene_3867072,29
gene_4578517,29
gene_3910325,29
gene_4021415,29
gene_3525804,29
gene_2807308,29
gene_4101748,29
gene_4037308,29
gene_4438084,29
gene_4105546,29
gene_3731283,29
gene_3943020,28
gene_4606035,28
gene_4358011,28
gene_3821375,28
gene_3483964,28
gene_4529695,28
gene_4456613,28
gene_4215772,28
gene_3611523,28
gene_4088308,28
gene_4334077,28
gene_4244866,28
gene_3830070,28
gene_4623429,28
gene_4503527,28
gene_2891827,28
gene_3987263,28
gene_4545438,28
gene_3878289,28
gene_4179817,28
gene_4006072,28
gene_4611670,28
gene_3331026,28
gene_4149240,28
gene_3752113,28
gene_4040375,28
gene_4180576,28
gene_3839277,28
gene_4497716,28
gene_3367050,28
gene_3245032,28
gene_4466074,27
gene_3016196,27
gene_3763409,27
gene_2745606,27
gene_2889990,27
gene_4609410,27
gene_3394078,27
gene_4303071,27
gene_4385236,27
gene_4248567,27
gene_2598443,27
gene_4114702,27
gene_4290563,27
gene_3950111,27
gene_3603345,27
gene_3552768,27
gene_3708805,27
gene_4605923,27
gene_3916226,27
gene_2525169,27
gene_4412666,27
gene_4438282,27
gene_3537520,27
gene_3477439,27
gene_4039330,27
gene_3955079,27
gene_3545699,27
gene_4353436,27
gene_3591813,27
gene_2865884,27
gene_3385050,27
gene_2444072,27
gene_4527917,27
gene_2788973,26
gene_3896782,26
gene_4253613,26
gene_2748605,26
gene_4007919,26
gene_4519327,26
gene_4273368,26
gene_4140834,26
gene_4246071,26
gene_3238698,26
gene_2738377,26
gene_3570235,26
gene_4228672,26
gene_3655250,26
gene_3053565,26
gene_3752730,26
gene_4500980,26
gene_4137143,26
gene_4473652,26
gene_3887703,26
gene_4200727,26
gene_4528196,26
gene_2671473,26
gene_4351361,26
gene_3653030,26
gene_2821593,26
gene_4286467,26
gene_3503605,26
gene_4637268,26
gene_2345741,26
gene_3335160,26
gene_4574726,26
gene_3818620,26
gene_4408105,26
gene_4324715,26
gene_3241222,26
gene_4107753,26
gene_4452723,26
gene_4536110,26
gene_3840599,25
gene_3487708,25
gene_4389477,25
gene_4449542,25
gene_4287837,25
gene_4093542,25
gene_4304471,25
gene_4449784,25
gene_3395345,25
gene_4003123,25
gene_2844581,25
gene_3928646,25
gene_4409338,25
gene_2762206,25
gene_3396364,25
gene_4322121,25
gene_4131553,25
gene_2975699,25
gene_2027438,25
gene_4227884,25
gene_2688259,25
gene_4288577,25
gene_4369391,25
gene_4239563,25
gene_4146844,25
gene_2945924,25
gene_2451765,25
gene_3138143,25
gene_3681740,25
gene_3987824,25
gene_4470406,25
gene_3205533,25
gene_4369416,25
gene_4117233,25
gene_3968138,25
gene_4070916,25
gene_3847533,25
gene_4128625,25
gene_3894131,25
gene_4259368,25
gene_3699416,25
gene_2862090,24
gene_4277213,24
gene_3193677,24
gene_3553954,24
gene_4546408,24
gene_4546130,24
gene_3426084,24
gene_4528749,24
gene_2436565,24
gene_4018213,24
gene_3407586,24
gene_3434320,24
gene_3864697,24
gene_3015454,24
gene_3431942,24
gene_4437344,24
gene_4268601,24
gene_3183669,24
gene_3209099,24
gene_4556371,24
gene_4405089,24
gene_4207199,24
gene_4082320,24
gene_3903189,24
gene_4523371,24
gene_3766364,24
gene_3743822,24
gene_4293903,24
gene_3896976,24
gene_3788353,24
gene_4347975,24
gene_3624994,24
gene_3761497,24
gene_2545589,24
gene_4131554,24
gene_4451134,24
gene_3360103,24
gene_3880134,23
gene_3755259,23
gene_3819729,23
gene_3830681,23
gene_4399332,23
gene_4258089,23
gene_3910328,23
gene_3672159,23
gene_4265316,23
gene_4350987,23
gene_4218354,23
gene_2862595,23
gene_4306017,23
gene_4059907,23
gene_3568137,23
gene_4584189,23
gene_3776251,23
gene_4187980,23
gene_3801155,23
gene_4218946,23
gene_3979508,23
gene_3748625,23
gene_4224908,23
gene_2748457,23
gene_3952118,23
gene_3314903,23
gene_3629582,23
gene_4620662,23
gene_3697920,23
gene_2264954,23
gene_2843767,22
gene_3321131,22
gene_3026649,22
gene_4253786,22
gene_3748570,22
gene_4572013,22
gene_4356249,22
gene_3293038,22
gene_3020902,22
gene_3319054,22
gene_3561552,22
gene_2726972,22
gene_3815982,22
gene_3754341,22
gene_2612009,22
gene_4254653,22
gene_3727693,22
gene_4015697,22
gene_3224473,22
gene_4157725,22
gene_2668423,22
gene_4022371,22
gene_4328904,22
gene_2651766,22
gene_3963734,22
gene_4021955,22
gene_2300063,22
gene_3015770,22
gene_4559733,22
gene_3889288,22
gene_3594870,22
gene_3701333,22
gene_3947896,22
gene_4203263,22
DSM22607_4_GL0243623,22
gene_2554634,22
gene_4095762,22
gene_3619597,22
gene_3896186,22
gene_3016197,22
gene_4363402,21
gene_4214790,21
gene_4346855,21
gene_4426395,21
gene_4099942,21
gene_3736800,21
gene_4512224,21
gene_4334389,21
gene_4203262,21
gene_4405189,21
gene_2815513,21
gene_3203713,21
gene_4147670,21
gene_3148548,21
gene_3178518,21
gene_4267891,21
gene_3357055,21
gene_3424683,21
gene_3794014,21
gene_3195928,21
gene_3788613,21
gene_4128623,21
gene_4320137,21
gene_4298553,21
gene_4218945,21
gene_4156632,21
gene_4619635,21
gene_3386808,21
gene_3902141,21
gene_4577249,21
gene_4348083,21
gene_3965834,20
gene_3162651,20
gene_3684338,20
gene_3031888,20
gene_4103682,20
gene_2396716,20
gene_2615331,20
gene_3661365,20
gene_3970211,20
gene_3737321,20
gene_4573431,20
gene_4056695,20
gene_4109179,20
gene_4080173,20
gene_3524792,20
gene_3772264,20
gene_4633114,20
gene_3791658,20
gene_3952487,20
gene_2659887,20
gene_2244609,20
gene_3924558,20
gene_3835586,20
gene_4382972,20
gene_4291186,20
gene_2207959,20
gene_4308971,20
gene_4421702,20
gene_4562113,20
gene_3122280,20
gene_4446473,20
gene_3501642,20
gene_4561586,20
gene_4091043,20
gene_4488023,20
gene_4115873,20
gene_3946214,20
gene_3577630,20
gene_3912717,20
gene_4019258,20
gene_4314512,19
gene_4145712,19
gene_3308717,19
gene_4415572,19
gene_3442602,19
gene_3283102,19
gene_3515995,19
gene_3507903,19
gene_2731442,19
gene_3363935,19
gene_3825342,19
gene_3769614,19
gene_4560520,19
gene_3985927,19
gene_3237970,19
gene_3700585,19
gene_4602238,19
gene_3878339,19
gene_3823417,19
gene_4241568,19
gene_2476692,19
gene_4235718,19
gene_4631409,19
gene_4497927,19
gene_3125400,19
gene_4480420,19
gene_3203079,19
gene_4437088,19
gene_3356152,19
gene_3546743,19
gene_3975977,19
gene_3647451,19
gene_4210246,19
gene_3416091,19
gene_3747117,19
gene_3706445,19
gene_3930782,19
gene_4140213,19
gene_3491307,19
gene_2839180,19
gene_4409697,18
gene_4161604,18
gene_2960316,18
gene_3723759,18
gene_4318733,18
gene_4063114,18
gene_2579591,18
gene_4452368,18
gene_3422684,18
gene_2197877,18
gene_2684484,18
gene_2836867,18
gene_4480472,18
gene_1797084,18
gene_4258903,18
gene_4559732,18
gene_3768162,18
gene_4373423,18
gene_3874223,18
gene_3611061,18
gene_3566700,18
gene_2947299,18
gene_3420703,18
gene_4397118,18
gene_3979571,18
gene_2414908,18
gene_4257004,18
gene_4437326,18
gene_3701052,18
gene_3070690,18
gene_4015660,18
gene_2226190,18
gene_4405191,18
gene_4624815,18
gene_3032579,18
gene_3061537,18
gene_4435123,18
gene_3930693,17
gene_4094560,17
gene_3769682,17
gene_4417977,17
gene_3582062,17
gene_4198064,17
gene_4076446,17
gene_4066797,17
gene_2479644,17
gene_3087064,17
gene_4491746,17
gene_3224342,17
gene_3688249,17
gene_3154440,17
gene_4216501,17
gene_4623413,17
gene_3839417,17
gene_4023574,17
gene_4502189,17
gene_4611582,17
gene_3723278,17
gene_3942185,17
gene_4348082,17
gene_3340959,17
gene_3369022,17
gene_1228123,17
gene_4506981,17
gene_2155406,17
gene_3171902,17
gene_3371393,17
gene_4194280,17
gene_3919807,17
gene_4475386,17
gene_2658889,16
gene_4566738,16
gene_4566159,16
gene_3549334,16
gene_4103276,16
gene_3024445,16
gene_3764832,16
gene_4237576,16
gene_4607190,16
gene_3853186,16
gene_4110883,16
gene_4342427,16
Food_11_GL0357206,16
gene_3860130,16
gene_4138552,16
gene_2348583,16
gene_4152213,16
gene_3753724,16
gene_3851480,16
gene_4252705,16
gene_3664881,16
gene_2801116,16
gene_3222669,16
gene_2497116,16
gene_3813131,16
gene_4438048,16
gene_3688415,16
gene_4059760,16
gene_4551145,16
gene_4130075,15
gene_3754200,15
gene_2891628,15
gene_3465852,15
gene_3539774,15
gene_4008014,15
gene_4428354,15
gene_4510842,15
gene_2751765,15
gene_4251654,15
gene_2242713,15
gene_3441169,15
gene_4483122,15
gene_3449131,15
gene_3098774,15
gene_2788830,15
gene_3703836,15
gene_3308769,15
gene_3605075,15
gene_3742308,15
gene_4198066,15
gene_4638289,15
gene_4442443,15
gene_4239737,15
gene_3636022,15
gene_3319848,15
gene_4287701,15
gene_3814702,15
gene_4390929,15
gene_3794844,15
gene_4192376,15
gene_2204013,15
gene_4498628,15
gene_4600913,15
gene_2564296,15
gene_4593768,15
gene_4212152,15
gene_3811695,15
gene_3422685,14
gene_3791024,14
gene_4343613,14
gene_3920429,14
gene_4446864,14
gene_2839877,14
gene_2958888,14
gene_4358785,14
gene_4089213,14
4-4_GL0084790,14
gene_1941510,14
gene_3783768,14
gene_3920705,14
gene_4445774,14
gene_3209100,14
gene_4089109,14
gene_4555675,14
gene_3251442,14
gene_4203001,14
gene_4520504,14
gene_4007592,14
gene_3296140,14
gene_3877033,14
gene_4316716,14
gene_3892505,14
gene_2759629,14
gene_4099202,14
gene_3963550,14
gene_4631408,14
gene_2660287,14
gene_3843954,14
gene_3364519,14
gene_3839567,14
gene_3147418,14
gene_3236789,14
gene_4032220,14
gene_3966376,14
gene_3166850,14
gene_4460953,14
gene_4414549,14
gene_4475245,14
gene_2828118,14
gene_4629999,14
gene_4285981,14
gene_4430789,14
gene_3877458,14
gene_3761008,14
gene_2624757,14
gene_2187964,14
gene_4124058,14
gene_4186093,14
gene_4536800,14
gene_4367958,13
gene_4035484,13
gene_3188393,13
gene_4374499,13
gene_3840600,13
gene_4389605,13
gene_4525919,13
gene_3371392,13
gene_4544227,13
gene_2709517,13
gene_4238847,13
gene_3163159,13
gene_3397605,13
gene_4207445,13
gene_4043107,13
Group2-8A_GL0229637,13
gene_3197931,13
gene_4132911,13
gene_3295179,13
gene_4540846,13
gene_2524915,13
gene_4441498,13
gene_4258739,13
gene_2985365,13
gene_3703611,13
gene_3889287,13
gene_3990386,13
gene_3788614,13
gene_3225670,13
gene_4574498,13
gene_3365449,13
gene_4498685,13
gene_3659142,13
gene_4104294,13
gene_4375749,13
gene_2267147,13
gene_4443822,13
gene_4274460,13
gene_3773662,13
gene_4613965,13
gene_3729402,13
gene_3169699,13
gene_3573195,13
gene_4446143,13
gene_4000393,13
gene_4050349,13
gene_4141481,12
gene_3534883,12
gene_4021342,12
gene_4214931,12
gene_4339927,12
gene_4181468,12
gene_3460949,12
gene_4245387,12
gene_3487896,12
gene_4471155,12
gene_2671553,12
gene_3008563,12
gene_2870586,12
gene_4580879,12
gene_3957926,12
gene_3696814,12
gene_3638608,12
gene_3826634,12
gene_4512223,12
gene_3859151,12
gene_2936220,12
gene_3910851,12
gene_2655864,12
gene_3823489,12
gene_2847665,12
gene_4474332,12
gene_4058580,12
gene_2073551,12
gene_4084415,12
gene_4000699,12
gene_4370760,12
gene_4131555,12
gene_3344040,12
gene_4631316,12
gene_4214791,12
gene_4292228,12
gene_3582945,12
gene_4635507,12
gene_4401953,12
gene_4464421,12
gene_3020242,12
gene_4335671,12
gene_2354909,12
gene_3952481,11
gene_4213637,11
gene_3573009,11
gene_4365283,11
gene_2779193,11
gene_3909592,11
gene_3750879,11
gene_4252021,11
gene_2589919,11
gene_4280422,11
gene_4039328,11
gene_2920034,11
gene_4247181,11
gene_4556772,11
gene_3766831,11
gene_3360102,11
gene_2542392,11
gene_2403163,11
gene_3487488,11
gene_2738378,11
gene_4362721,11
gene_4181212,11
gene_3990632,11
gene_2884174,11
gene_3641927,11
gene_2877394,11
gene_3909470,11
gene_3359107,11
gene_1502962,11
gene_3788687,11
gene_4290748,11
HF-F_2_GL0008562,11
gene_4561712,11
gene_3916811,11
gene_2974748,11
gene_3342270,11
gene_3953890,11
gene_4541878,11
gene_4545706,11
gene_4017616,11
gene_3735792,10
gene_3722866,10
gene_4185632,10
gene_4384710,10
gene_4544603,10
gene_4529898,10
gene_3576320,10
gene_4279980,10
gene_3616404,10
gene_3552221,10
gene_3504372,10
gene_4462152,10
gene_3809061,10
gene_3160558,10
gene_2864658,10
gene_4034762,10
gene_4183607,10
gene_4216454,10
gene_3614375,10
gene_3284991,10
gene_4548238,10
gene_4273003,10
gene_3474815,10
gene_2862978,10
gene_4403330,10
gene_4515345,10
gene_4084315,10
gene_2997011,10
gene_3980150,10
gene_4335797,10
gene_4341592,10
gene_4573737,10
gene_4615558,10
gene_2801242,10
gene_3061667,10
gene_3240042,10
gene_2924220,10
gene_4153794,10
gene_3325611,10
gene_4200765,9
gene_4549415,9
gene_4471424,9
gene_3948070,9
gene_3099512,9
gene_3537486,9
gene_4089021,9
gene_3630332,9
gene_4030026,9
gene_3987264,9
gene_4061037,9
gene_3507312,9
gene_2617804,9
gene_2113055,9
gene_3616119,9
gene_4442367,9
gene_3685063,9
gene_3284749,9
gene_4188448,9
gene_4522995,9
gene_3873644,9
gene_4431481,9
gene_3489285,9
gene_4595285,9
gene_4441422,9
gene_4535336,9
gene_3770444,9
gene_3559517,9
gene_4103030,9
gene_3989276,9
gene_3739292,9
gene_3831271,9
gene_3080780,9
gene_2742702,9
gene_4517788,9
gene_3554812,9
gene_4411896,9
gene_4134797,9
gene_4386247,9
gene_4202278,9
gene_3745320,9
gene_3928063,9
gene_2788208,9
gene_4242330,9
gene_2554635,9
gene_4401875,9
gene_3407587,9
gene_3575376,9
gene_4333933,8
gene_4203266,8
gene_4461645,8
gene_3506278,8
gene_4589746,8
gene_3855165,8
gene_3347461,8
gene_2584443,8
gene_3732078,8
gene_4174056,8
gene_4624891,8
gene_4172387,8
gene_4290312,8
gene_4162304,8
gene_4021872,8
gene_3605400,8
gene_3836223,8
gene_3951783,8
gene_3219872,8
gene_3331960,8
gene_4158662,8
gene_3994719,8
gene_4095889,8
gene_3902047,8
gene_4330099,8
gene_4060894,8
gene_4092677,8
gene_3924852,8
gene_4477933,8
6-8_GL0029701,8
gene_3213514,8
gene_3993766,8
gene_3757682,8
gene_3916745,8
gene_2021737,8
gene_2698357,8
gene_4379000,8
gene_3654226,8
gene_4536111,8
gene_4008420,7
gene_2730300,7
gene_3943715,7
gene_2598436,7
gene_4341527,7
gene_4169248,7
gene_4077529,7
gene_3293372,7
gene_4195443,7
gene_4092853,7
gene_3869451,7
gene_2807698,7
gene_4369583,7
gene_4344958,7
gene_3768436,7
gene_4354034,7
gene_4375326,7
gene_2444978,7
gene_4499199,7
gene_1681961,7
gene_4186822,7
gene_4370459,7
gene_3778329,7
gene_3583869,7
gene_4622983,7
gene_2863323,7
gene_3334043,7
gene_3773062,7
gene_4158231,7
gene_4632766,7
gene_3249174,7
gene_3759426,7
gene_4593553,7
gene_2903645,7
gene_3380098,7
gene_3609578,7
gene_3858975,7
gene_4542451,7
gene_4602026,7
gene_2507107,7
gene_3978891,7
gene_2907201,7
gene_3835984,7
gene_4624516,7
gene_4022999,7
gene_4092115,7
gene_4296261,7
gene_3243515,7
gene_3967584,7
gene_3944439,7
gene_4439604,7
gene_4626145,7
gene_4259576,7
gene_2611139,7
gene_540419,7
gene_3081265,7
gene_3160105,7
gene_3904656,7
gene_4278302,7
gene_4351018,7
gene_4570571,7
gene_4272797,7
gene_4459324,7
gene_4237820,7
gene_3955283,7
gene_3847449,7
gene_2505865,7
gene_4497718,6
HF-F_4_GL0315444,6
gene_4158073,6
gene_4224045,6
gene_4554458,6
gene_4373426,6
gene_4295313,6
gene_3950018,6
gene_4604275,6
gene_3748997,6
gene_4548235,6
gene_4064433,6
gene_3551526,6
gene_4015698,6
gene_3298039,6
gene_2967397,6
gene_2656692,6
gene_3437138,6
gene_4367625,6
gene_4050792,6
gene_3169507,6
gene_4560857,6
gene_4028612,6
gene_4226864,6
gene_1801273,6
gene_4486366,6
gene_1875936,6
gene_4561988,6
gene_4513554,6
gene_4074583,6
gene_3314060,6
gene_4637644,6
gene_3299601,6
gene_2657736,6
gene_3595036,6
gene_4604793,6
gene_4244735,6
gene_4313014,6
gene_4393318,6
gene_3316083,6
gene_3346227,6
gene_4420282,6
gene_3869922,6
gene_3688763,6
gene_4638513,6
gene_3840202,6
gene_4586369,6
gene_3584310,6
gene_3849227,6
gene_3986268,6
gene_3203716,6
gene_4631309,6
gene_3554842,6
gene_4420865,5
gene_4232255,5
gene_3853012,5
gene_4058249,5
gene_3082409,5
gene_4498466,5
gene_3481693,5
gene_3190542,5
gene_4559731,5
gene_4394567,5
gene_3804655,5
gene_3755691,5
gene_1308757,5
gene_4375748,5
gene_3889558,5
gene_3271489,5
gene_4317045,5
gene_2135555,5
gene_4442738,5
gene_4479686,5
gene_3616451,5
gene_4349042,5
gene_4021956,5
gene_3817704,5
gene_4598258,5
gene_4517544,5
gene_3836026,5
gene_3889728,5
gene_3721413,5
gene_3923781,5
gene_4459673,5
gene_3609243,5
4-8_GL0068539,5
gene_4264963,5
gene_3589727,5
gene_4064017,5
gene_4328530,5
gene_3538811,5
gene_3771904,5
gene_3333521,5
gene_4212504,5
gene_4232289,5
gene_4199689,5
gene_4228096,5
gene_4391556,5
gene_4363993,5
gene_4151988,5
gene_4058078,5
gene_4325564,5
gene_2898235,4
gene_4163167,4
gene_3214212,4
gene_2672380,4
gene_3992124,4
gene_3697908,4
gene_4035184,4
gene_4445555,4
gene_4009003,4
gene_4577484,4
gene_4629151,4
gene_4318549,4
gene_3798027,4
gene_4031457,4
gene_3331625,4
gene_3595151,4
gene_3231474,4
gene_3864243,4
gene_2678024,4
gene_4185014,4
gene_4364997,4
gene_3965892,4
gene_4443023,4
gene_4057995,4
gene_4189171,4
gene_2794976,4
gene_4329118,4
gene_2414653,4
gene_2043202,4
gene_4548444,4
gene_2124271,4
gene_3399198,4
gene_4243841,4
gene_2836084,4
gene_2601849,4
gene_3574736,4
gene_3813420,4
gene_3566605,4
gene_3937009,4
gene_4104838,4
gene_3438740,4
gene_2231849,4
gene_3840831,4
gene_3920373,4
gene_4516378,4
gene_4393951,4
gene_2525172,4
gene_3823424,4
gene_4628721,4
gene_4513491,4
gene_4468469,4
gene_3940464,4
gene_3741646,4
gene_3016753,4
gene_4634806,4
gene_3712372,4
gene_3874153,4
gene_4562189,4
gene_3260888,4
gene_3712344,4
gene_4286093,4
gene_4435083,4
gene_1165785,4
gene_4094261,4
gene_4502920,4
gene_4009577,4
gene_3702398,4
gene_4077702,4
gene_4593240,3
gene_4101749,3
gene_4621326,3
gene_4553178,3
gene_3909116,3
gene_2908450,3
gene_3062715,3
gene_4559652,3
gene_3741661,3
gene_4009578,3
gene_2585850,3
gene_3021686,3
gene_2466058,3
gene_4215693,3
gene_2963520,3
gene_3458484,3
gene_4573592,3
gene_4014243,3
gene_4403189,3
gene_4333890,3
gene_3308635,3
gene_3085907,3
gene_3210127,3
gene_4519626,3
gene_4259615,3
gene_4369413,3
gene_4100492,3
gene_4516870,3
gene_3074511,3
gene_4549457,3
gene_4622897,3
gene_2384494,3
gene_4170541,3
gene_3213096,3
gene_3353168,3
gene_2831467,3
gene_3751552,3
gene_4041898,3
gene_4129389,3
gene_4511255,3
gene_2755000,3
gene_1664688,3
4-8_GL0125181,3
gene_1026049,3
gene_3927039,3
gene_3830293,3
gene_4198065,3
gene_4515011,3
gene_3656247,3
gene_3971759,3
gene_4238188,3
gene_3126436,3
gene_1026056,3
gene_3661100,3
gene_4025479,3
gene_3942135,3
gene_4182243,3
gene_3628386,3
gene_4203265,3
gene_2773699,3
gene_3224900,3
gene_4257021,3
gene_4468467,3
gene_4087384,3
20_GL0094003,3
11_GL0097441,3
gene_2241564,3
gene_3544651,3
gene_4186579,3
gene_4563424,3
gene_3467498,3
gene_3052833,3
gene_3041983,3
gene_4020360,3
gene_4560934,3
gene_1842198,3
gene_2903631,3
gene_4394111,3
gene_4626845,3
gene_3972840,3
gene_3445883,3
gene_2818634,3
gene_4138698,3
gene_2635240,3
gene_3830901,3
gene_3791683,3
gene_3522274,2
gene_2913788,2
gene_4350333,2
gene_3164615,2
gene_4279137,2
gene_3917216,2
gene_4619994,2
gene_4335830,2
2-5_GL0025268,2
gene_4218002,2
gene_4599246,2
gene_4501621,2
gene_3559426,2
gene_3482286,2
gene_2922073,2
gene_3906618,2
gene_4496556,2
gene_4054342,2
gene_4483621,2
gene_3156566,2
gene_4315360,2
gene_3988043,2
gene_4556631,2
gene_4473505,2
gene_4639662,2
gene_4071697,2
gene_4550299,2
gene_4400269,2
gene_3758615,2
gene_2865498,2
gene_3368895,2
gene_4380983,2
gene_2636544,2
gene_4041052,2
gene_4430733,2
gene_4433676,2
gene_3227464,2
gene_4540509,2
gene_3284013,2
gene_3932088,2
gene_3795231,2
gene_4304291,2
gene_3860177,2
gene_3757065,2
gene_3817605,2
gene_3440799,2
gene_3963551,2
gene_3448885,2
gene_3017033,2
gene_4074876,2
gene_3316714,2
gene_3575514,2
gene_4511254,2
gene_2546411,2
gene_4174996,2
gene_4158732,2
gene_3261051,2
gene_3672613,2
gene_2780882,2
gene_4245168,2
gene_4150642,2
gene_3518954,2
gene_3746136,2
gene_2730596,2
gene_2680520,2
gene_2268383,2
gene_2349299,2
gene_3938084,2
gene_2546854,2
Food_10_GL0066534,2
gene_3893000,2
gene_3603466,2
gene_2271479,2
gene_3691104,2
gene_4179327,2
gene_2803463,2
gene_4467884,2
gene_2167950,2
gene_3289459,2
gene_3867051,2
gene_3507422,2
gene_3331624,2
gene_3107518,2
gene_4203841,2
gene_3803264,2
gene_3540932,2
gene_4394921,2
gene_2318072,2
gene_1398152,2
gene_4182415,2
gene_4299182,2
gene_3794778,2
gene_4441582,2
gene_4631428,2
gene_2657919,2
gene_4384795,2
gene_3989924,2
gene_3664724,2
gene_3690519,2
gene_2760780,2
gene_3827176,2
gene_4096281,2
gene_3780620,2
HF-S_8_GL0298285,2
gene_4322407,2
gene_3997948,2
gene_4388973,2
gene_4371377,2
gene_3662133,2
gene_4121424,2
gene_2738201,2
gene_3798663,2
2A-dyr14-07_GL0021455,2
gene_4019767,2
gene_2885308,2
gene_4057972,2
gene_3657608,2
gene_3863150,2
gene_2452976,2
gene_4555881,2
gene_3482988,2
gene_4520988,2
gene_4529291,2
gene_3611982,2
gene_3612557,2
gene_4525018,2
gene_3821025,2
gene_4349994,2
gene_2500429,2
gene_2421602,2
gene_3613912,2
gene_1801269,2
gene_4389427,2
gene_3489681,2
gene_3671058,2
gene_4219713,2
gene_3713825,2
gene_2111246,2
gene_3891795,2
gene_4225823,2
gene_4066139,2
gene_1925183,2
gene_3823003,2
gene_4566640,2
gene_3795525,2
gene_3511077,2
gene_3764683,2
gene_3665222,2
gene_3723067,2
gene_4383205,2
gene_4282240,2
gene_4268029,2
gene_4292179,2
gene_3620297,2
gene_4307282,2
gene_4634990,2
gene_4467014,2
gene_3651492,2
gene_3648269,2
gene_3760475,2
gene_4237203,2
gene_3671174,2
gene_4014359,2
gene_3536830,2
gene_4179012,2
gene_1994827,2
gene_3825492,2
gene_3099172,2
gene_4064745,2
gene_4290620,2
gene_3073903,2
gene_3068950,2
4-8_GL0106806,2
gene_4215562,2
gene_3773554,2
gene_3787994,2
gene_4252706,2
gene_3203908,2
gene_2838080,2
gene_3397233,2
gene_3436117,2
gene_4082786,2
gene_2799301,2
gene_2929617,2
gene_3843539,2
gene_2821298,2
gene_4549766,2
gene_4207698,2
gene_4206593,2
gene_3944012,2
gene_3627756,2
gene_3201485,2
gene_4629759,2
gene_4000803,2
gene_2818914,2
gene_2920033,2
gene_2400676,2
gene_4472124,2
gene_2818861,2
gene_4199986,2
gene_3684336,2
gene_3716807,2
gene_3464531,2
gene_3850551,2
gene_1400312,2
gene_3388717,2
gene_3951910,2
gene_3966443,2
gene_3868534,2
gene_2905494,2
AF73-05_5_GL0333680,2
gene_2755043,2
gene_3540692,2
gene_4282315,2
gene_4256226,2
gene_3199093,2
gene_4320756,2
gene_4054047,2
gene_3415238,2
gene_3237165,2
gene_3805983,2
gene_4583223,2
gene_2114564,2
gene_3592850,2
gene_4417447,2
gene_4244737,2
gene_3865694,2
gene_2532921,2
gene_4527402,2
gene_1740549,2
gene_3050830,2
gene_3404429,2
gene_3661587,2
gene_2369211,2
gene_4030970,2
gene_3399418,2
gene_3636052,2
gene_2977507,2
gene_3719763,2
gene_4371861,2
gene_4336986,2
gene_2966096,2
gene_3604392,2
gene_4362860,2
gene_3464365,2
gene_3189359,2
gene_4559486,2
gene_3804865,2
gene_4438347,2
gene_3047255,2
gene_2856883,2
gene_2737365,2
AF73-05_8_GL0386864,2
gene_4421225,2
gene_4551605,2
gene_3878043,2
gene_4505023,2
gene_4370661,2
gene_4094442,2
gene_3369185,2
gene_4220739,2
2A-dyr13-07_GL0017824,2
Group2-5A_GL0022352,2
gene_4239193,2
gene_4468583,2
gene_2935571,2
gene_1020716,2
gene_4048194,2
gene_3839297,2
gene_4171440,2
gene_4620065,2
gene_4370791,2
gene_3327251,2
gene_2501807,2
gene_4275029,2
gene_3998415,2
gene_2629831,2
gene_3393889,2
gene_3985694,2
gene_4024266,2
gene_4567892,2
gene_4083465,2
gene_2767467,2
gene_4200495,2
gene_4545358,2
gene_4148881,2
gene_2076199,2
gene_3571087,2
gene_2661322,2
gene_2906442,2
gene_4616042,2
gene_4279805,2
gene_4474746,2
gene_4388281,2
gene_3686189,2
gene_3024861,2
gene_4513077,2
gene_3588741,2
gene_3501829,2
gene_4535593,2
gene_4485090,2
gene_3697323,2
HF-F_13_GL0483638,2
gene_4626040,2
gene_4627868,2
gene_3740879,2
gene_3531789,2
gene_3090921,2
gene_4605502,2
gene_4062643,2
gene_4103445,2
gene_3609569,2
G1-1A_GL0050052,2
gene_4304885,2
gene_4582584,2
gene_4444685,2
gene_3315758,2
Food_11_GL0016298,2
gene_3633359,2
gene_4006380,2
gene_3010581,2
gene_4113587,2
gene_3852726,2
gene_3577811,2
gene_3716533,2
gene_3820963,2
gene_3650049,2
gene_4082457,2
gene_4116106,2
gene_4081700,2
gene_4338807,2
gene_3615811,2
gene_1178059,2
gene_4443621,2
gene_3777073,2
gene_4593323,2
gene_3681753,2
gene_4308785,2
gene_3538584,2
gene_3420001,2
gene_4535067,2
gene_4395857,2
gene_3698283,2
gene_3006715,2
gene_4307020,2
gene_4462507,2
gene_4410156,2
gene_4270315,2
gene_3546744,2
gene_3715693,2
gene_4270894,2
2A-dyr13-07_GL0022471,2
gene_3899506,2
gene_4365305,2
gene_4245480,2
gene_3001491,2
gene_3630791,2
gene_4225159,2
gene_3820861,2
gene_3350188,2
gene_4601333,2
gene_4319384,2
gene_3241215,2
gene_3241795,1
gene_2227099,1
gene_4432287,1
gene_1037539,1
gene_3233184,1
gene_4197667,1
gene_2799871,1
gene_3988916,1
gene_3812781,1
gene_3187013,1
gene_4522506,1
gene_2995167,1
gene_3884621,1
gene_4091658,1
gene_3195111,1
gene_4616079,1
gene_4526330,1
gene_4558390,1
gene_3752018,1
gene_4531889,1
gene_4531373,1
gene_3819677,1
gene_4152695,1
gene_3577275,1
Chow_4_GL0342572,1
gene_4062216,1
2A-dyr13-07_GL0030149,1
gene_4507234,1
gene_3008747,1
gene_1985914,1
gene_2435437,1
gene_2491235,1
gene_3501061,1
gene_2399798,1
gene_3201448,1
gene_2320004,1
gene_2780734,1
gene_3629333,1
gene_2227904,1
S-Fe5_GL0153261,1
gene_4117353,1
gene_4112518,1
gene_3106969,1
gene_3393687,1
gene_4403463,1
gene_3361290,1
gene_2223376,1
gene_2591808,1
gene_2701381,1
gene_4011907,1
gene_3859513,1
gene_4571388,1
gene_4337050,1
gene_2861646,1
gene_2002808,1
gene_2450462,1
gene_3470698,1
gene_3258353,1
gene_3765686,1
gene_1400313,1
gene_2624410,1
11_GL0092709,1
gene_4574508,1
gene_3937057,1
gene_3779878,1
2A-dyr16-06_GL0042440,1
gene_4552145,1
gene_4048081,1
gene_4043608,1
gene_3531908,1
gene_3777861,1
gene_3174298,1
gene_3345947,1
gene_4407842,1
gene_3216824,1
gene_4043050,1
gene_4162368,1
gene_2651838,1
gene_3252999,1
gene_2880591,1
gene_2993349,1
gene_3726703,1
gene_3322441,1
gene_2798659,1
gene_2564313,1
gene_4126170,1
gene_3241231,1
gene_4317019,1
gene_3785550,1
gene_4298040,1
gene_3604791,1
gene_4553833,1
gene_3142935,1
gene_3664240,1
gene_4478792,1
G1-7A_GL0126888,1
gene_3654348,1
gene_4581129,1
gene_4288611,1
gene_2567279,1
gene_3766842,1
gene_4318972,1
gene_2679204,1
gene_4209538,1
gene_3395377,1
gene_2252096,1
gene_4135757,1
gene_3313764,1
HF-F_5_GL0101465,1
gene_3391957,1
gene_4267029,1
gene_3697877,1
gene_4501335,1
gene_3566266,1
gene_946040,1
gene_2974357,1
gene_3579938,1
gene_3677609,1
gene_3153484,1
gene_3987164,1
gene_4416057,1
gene_2873741,1
gene_3150193,1
10_GL0060805,1
gene_3522438,1
gene_2903181,1
gene_3971789,1
gene_3381290,1
gene_2682739,1
gene_3916123,1
gene_4576720,1
gene_4340439,1
gene_4499969,1
gene_2596958,1
gene_4128965,1
gene_3793961,1
gene_4429361,1
gene_2129709,1
gene_2965782,1
gene_4416919,1
gene_3987268,1
gene_2664091,1
G1-5A_GL0031162,1
gene_3837904,1
gene_3078568,1
gene_3968418,1
gene_4464614,1
gene_3470078,1
gene_4635387,1
gene_4489376,1
gene_4487387,1
gene_3879237,1
gene_3990152,1
gene_3860995,1
gene_3044292,1
gene_3132273,1
gene_4423648,1
gene_1955168,1
gene_2381765,1
gene_4225936,1
gene_3128597,1
gene_2608940,1
gene_3898663,1
gene_3633743,1
gene_4068481,1
gene_3519492,1
gene_3703027,1
gene_3770276,1
gene_3878151,1
gene_3358176,1
gene_2979460,1
gene_4452081,1
gene_3351572,1
gene_3004561,1
gene_3871672,1
gene_1987195,1
7-4_GL0001504,1
gene_4438284,1
gene_4278411,1
gene_4349759,1
gene_3573089,1
gene_3961151,1
gene_4588693,1
gene_3872891,1
gene_2621744,1
gene_3937253,1
gene_1567483,1
gene_3832917,1
gene_3622713,1
gene_4160062,1
gene_3104833,1
gene_3964578,1
gene_4478821,1
gene_4285614,1
gene_4457625,1
gene_4307707,1
gene_2921949,1
Chow_3_GL0128615,1
gene_2571941,1
gene_3947060,1
gene_4155190,1
gene_2671091,1
gene_2744379,1
gene_4322312,1
gene_1144008,1
gene_2591419,1
gene_3770980,1
gene_1495105,1
gene_4330432,1
gene_4562798,1
gene_3491158,1
gene_3222401,1
gene_3703372,1
8_GL0101968,1
gene_4312072,1
gene_2397166,1
gene_3653254,1
gene_4622602,1
gene_3096735,1
gene_4082297,1
gene_4619062,1
gene_2938726,1
gene_4137184,1
gene_4619420,1
gene_2630312,1
gene_2755025,1
AF73-05_4_GL0388387,1
gene_4557993,1
gene_2433609,1
gene_469248,1
gene_4234233,1
gene_3832546,1
DSM22607_3_GL0200065,1
gene_4394400,1
gene_4098352,1
gene_3156833,1
gene_2176472,1
gene_2980187,1
gene_4386920,1
gene_4122031,1
gene_2669411,1
gene_3992668,1
gene_3732438,1
gene_4580258,1
gene_2990633,1
gene_3245328,1
gene_3666308,1
gene_3514789,1
gene_2098740,1
gene_3453142,1
gene_3925292,1
gene_3904721,1
gene_2865159,1
gene_4618627,1
gene_4053337,1
5-4_GL0070569,1
gene_3534071,1
Food_11_GL0101756,1
gene_4637233,1
gene_3760630,1
gene_2449121,1
gene_2439008,1
gene_3598811,1
gene_3879553,1
gene_4170013,1
gene_3387271,1
gene_4609307,1
gene_3707031,1
gene_3287044,1
Food_1_GL0022809,1
gene_3234202,1
gene_3904850,1
gene_3762662,1
gene_2796295,1
gene_3234921,1
2A-dyr14-06_GL0042810,1
gene_3878319,1
gene_3667038,1
gene_4428858,1
gene_2402084,1
gene_3675126,1
gene_3006759,1
gene_4562845,1
gene_3319021,1
gene_4276876,1
gene_2897376,1
gene_4063954,1
gene_2876928,1
gene_4271561,1
gene_3105681,1
gene_4359234,1
gene_4120111,1
gene_4553867,1
gene_4170112,1
gene_3057834,1
gene_4594301,1
gene_3786694,1
gene_4565420,1
gene_4485775,1
gene_4444964,1
gene_4488491,1
gene_3585037,1
gene_3146033,1
gene_3203325,1
Food_9_GL0075663,1
gene_3913084,1
gene_3547949,1
gene_3851522,1
gene_4370687,1
gene_2829151,1
gene_4413080,1
gene_3529045,1
gene_4292377,1
gene_3304065,1
gene_4142733,1
gene_3039115,1
gene_3707074,1
gene_4265630,1
gene_3976090,1
gene_3144300,1
gene_3700346,1
gene_4088079,1
gene_3630323,1
gene_3257119,1
gene_3959846,1
gene_3724237,1
gene_4188927,1
gene_3192091,1
gene_2309505,1
gene_4443458,1
gene_4364660,1
10_GL0030330,1
gene_2858626,1
gene_4189194,1
gene_2549427,1
gene_3454366,1
gene_3978862,1
gene_2827160,1
gene_4388797,1
gene_3069869,1
gene_3362888,1
gene_1925574,1
gene_3767477,1
gene_3502843,1
gene_4186743,1
gene_4219636,1
gene_4121641,1
gene_3714259,1
gene_3664400,1
gene_2114588,1
gene_3693986,1
gene_4019167,1
gene_4119646,1
gene_4268175,1
gene_3099254,1
gene_2378905,1
gene_3399916,1
gene_3817841,1
gene_2870582,1
gene_3596915,1
gene_3685121,1
gene_2840538,1
gene_4378164,1
8-6_GL0069188,1
gene_2506110,1
gene_3379800,1
gene_3300951,1
gene_4443855,1
gene_1272007,1
gene_3812312,1
gene_3423126,1
gene_3440435,1
gene_4348745,1
gene_3502228,1
5-8_GL0154728,1
gene_3241369,1
gene_2818935,1
gene_3488423,1
gene_4503758,1
gene_2676065,1
gene_2673995,1
gene_4479840,1
gene_4469820,1
gene_2280310,1
gene_4062497,1
gene_3007758,1
gene_3210694,1
gene_3684971,1
gene_4557301,1
gene_4136315,1
gene_4635645,1
gene_4463729,1
gene_2715574,1
gene_3834255,1
gene_3439429,1
gene_3056408,1
gene_3468294,1
gene_4294748,1
gene_4227237,1
gene_2992948,1
gene_3321060,1
gene_3189314,1
gene_3146998,1
gene_3929237,1
gene_2751174,1
gene_3850402,1
gene_3806148,1
gene_3334710,1
gene_2547291,1
gene_3004215,1
gene_4471165,1
gene_4323988,1
gene_2922592,1
gene_4421235,1
gene_2933145,1
gene_3750198,1
gene_3263702,1
gene_2345748,1
gene_3557853,1
gene_4022314,1
gene_4421837,1
gene_4117726,1
gene_3356230,1
gene_4344339,1
gene_219005,1
gene_3849763,1
gene_3691733,1
gene_4544855,1
gene_4417723,1
gene_4346746,1
gene_3393414,1
gene_4103436,1
gene_2568250,1
gene_4147090,1
gene_4544794,1
gene_4051766,1
Group2-8A_GL0001427,1
gene_2819189,1
gene_2752536,1
gene_4540342,1
gene_2733420,1
gene_4087680,1
gene_2128227,1
1A-dyr1-07_GL0018701,1
gene_4593270,1
gene_2344688,1
gene_2705817,1
gene_3952478,1
10_GL0071850,1
gene_4633792,1
AF73-05_2_GL0103816,1
gene_3223108,1
gene_4590071,1
gene_4584540,1
gene_3777964,1
gene_3707051,1
gene_3946545,1
gene_3247974,1
gene_3341997,1
gene_3547948,1
gene_3080896,1
gene_3675286,1
gene_2780132,1
gene_4080008,1
8-8_GL0103073,1
gene_4134396,1
gene_3428912,1
gene_2969533,1
gene_4074996,1
gene_3864023,1
gene_3609896,1
gene_4561582,1
gene_3556051,1
gene_2855527,1
gene_3665284,1
gene_4444825,1
gene_3717358,1
gene_4607472,1
gene_2171493,1
gene_2716395,1
gene_4138396,1
gene_4392414,1
gene_2620948,1
gene_4263396,1
gene_4365242,1
gene_3390607,1
gene_2807420,1
gene_3266288,1
gene_4448244,1
gene_4084001,1
S-Fe12_GL0020639,1
gene_2894402,1
gene_4072581,1
gene_4514420,1
gene_3204912,1
gene_4431065,1
gene_3037966,1
gene_3667507,1
gene_4499265,1
gene_4146051,1
gene_3660257,1
gene_4385706,1
gene_3207781,1
gene_3333950,1
gene_3262578,1
gene_2701009,1
gene_4522576,1
gene_3674524,1
gene_4177999,1
gene_3111885,1
1A-dyr5-06_GL0037874,1
gene_2509933,1
gene_4436014,1
gene_3861557,1
gene_2344073,1
gene_3228833,1
gene_3073768,1
gene_3870466,1
gene_3923291,1
gene_2945248,1
gene_3688511,1
gene_2491685,1
gene_3675932,1
gene_3634671,1
gene_3556221,1
HF-S_2_GL0099981,1
gene_946037,1
gene_4434861,1
Food_12_GL0022254,1
gene_4120747,1
10_GL0044640,1
gene_4147252,1
gene_4224372,1
gene_3308587,1
gene_4212318,1
gene_2281161,1
gene_3060628,1
gene_3283634,1
gene_571964,1
gene_4415399,1
gene_4497695,1
gene_3551965,1
2A-dyr13-07_GL0017780,1
gene_4465486,1
gene_3895366,1
gene_3345193,1
gene_3162227,1
gene_2771276,1
30_GL0071362,1
gene_4232976,1
gene_3137625,1
gene_1520161,1
gene_3176467,1
gene_3618999,1
gene_3070125,1
gene_3898254,1
gene_4215285,1
gene_4557543,1
1-4_GL0007295,1
gene_3749521,1
gene_2025621,1
gene_4494052,1
gene_3810813,1
gene_3650063,1
Group2-7A_GL0074499,1
gene_2293595,1
gene_2539010,1
gene_3377683,1
gene_2063301,1
gene_3539583,1
gene_4274702,1
gene_2740169,1
gene_2971088,1
gene_3872025,1
Group2-7A_GL0079225,1
OB-1_10_GL0040712,1
gene_4175497,1
gene_3093427,1
gene_3658241,1
gene_2986279,1
gene_3037322,1
gene_4006655,1
gene_4477494,1
gene_4489829,1
gene_3237443,1
gene_2583333,1
gene_3057095,1
gene_4348409,1
gene_2772900,1
gene_4454816,1
gene_3413626,1
gene_1970117,1
gene_4009034,1
gene_3427103,1
gene_3590979,1
gene_4430073,1
gene_4577251,1
gene_3680230,1
gene_3231882,1
gene_3263345,1
DSM22607_9_GL0144270,1
gene_3737223,1
gene_2699217,1
gene_3888508,1
gene_1769979,1
gene_4259284,1
gene_2477415,1
gene_3632026,1
gene_4070875,1
gene_3662371,1
gene_2164268,1
gene_3950848,1
2A-dyr13-07_GL0041953,1
gene_4462685,1
gene_3271032,1
gene_2793321,1
gene_3307484,1
gene_4083175,1
gene_3997852,1
gene_4456368,1
gene_3971766,1
gene_4319769,1
gene_4409049,1
gene_4615775,1
gene_3799535,1
G1-7A_GL0014451,1
gene_2842121,1
gene_4207482,1
gene_3126954,1
gene_3563398,1
gene_2501016,1
gene_2971878,1
gene_4417921,1
gene_4615444,1
gene_3074372,1
gene_3571551,1
gene_2623632,1
gene_4189210,1
gene_4274753,1
gene_3142786,1
gene_4057383,1
gene_3460077,1
gene_3726395,1
gene_3624968,1
gene_3840685,1
gene_4636799,1
gene_3527922,1
gene_2826020,1
gene_3980341,1
gene_4128655,1
6-7_GL0021615,1
gene_3638798,1
gene_4139838,1
gene_3588386,1
gene_4241723,1
gene_4052874,1
gene_4399148,1
gene_3593275,1
gene_3825886,1
18_GL0076699,1
2A-dyr13-07_GL0028259,1
gene_2502573,1
gene_4184968,1
gene_4369324,1
gene_4565945,1
gene_4053231,1
gene_4561588,1
OB-1_9_GL0110764,1
gene_3430173,1
Group2-7A_GL0111550,1
gene_4081356,1
gene_2944049,1
gene_4003825,1
gene_3794420,1
gene_4510920,1
gene_320183,1
gene_4327581,1
gene_4047118,1
NZ_RAYX01000027.1_cds_WP_120376962.1_878,1
gene_4143105,1
gene_2590508,1
gene_4355825,1
gene_4040189,1
gene_4184258,1
gene_3862286,1
gene_3449863,1
gene_3938131,1
gene_3759079,1
gene_3837100,1
gene_3462352,1
gene_4174013,1
gene_4089539,1
gene_3736748,1
gene_4617700,1
gene_3806670,1
gene_3164794,1
10_GL0030343,1
gene_4576240,1
gene_4491224,1
gene_3895619,1
gene_4177208,1
gene_4457991,1
gene_4256671,1
gene_2621490,1
10_GL0096559,1
gene_4467483,1
gene_4604113,1
gene_4556468,1
gene_2744876,1
gene_4471995,1
gene_4144959,1
gene_1299757,1
26_GL0055056,1
gene_3696243,1
HF-F_13_GL0237685,1
gene_2955215,1
gene_3511402,1
gene_3587239,1
gene_2799955,1
gene_3431861,1
gene_3819021,1
gene_4340273,1
gene_3352719,1
gene_4338923,1
gene_4180416,1
gene_4270790,1
gene_3744795,1
gene_4633699,1
gene_3392088,1
gene_2313341,1
gene_410611,1
gene_3853238,1
gene_4240155,1
gene_2678380,1
gene_4204923,1
gene_2553132,1
gene_4028992,1
gene_4390540,1
gene_4064800,1
gene_4515627,1
gene_4346415,1
gene_3586119,1
gene_3973616,1
gene_4138879,1
gene_2703566,1
gene_3320144,1
gene_3942902,1
gene_3486777,1
gene_2330501,1
gene_2728526,1
gene_4595135,1
gene_2593095,1
gene_3650922,1
gene_4052493,1
gene_1909187,1
gene_2381277,1
gene_4128165,1
gene_4285137,1
gene_3281091,1
HF-S_5_GL0026066,1
gene_3041554,1
gene_3506472,1
gene_2358185,1
gene_4315162,1
gene_2660662,1
gene_3586373,1
gene_3632314,1
gene_3628224,1
gene_2253350,1
gene_4299835,1
gene_4006206,1
gene_3616049,1
gene_2967486,1
gene_2776148,1
6-7_GL0086369,1
gene_2463171,1
gene_3021131,1
gene_2922582,1
gene_2867925,1
gene_3089028,1
gene_3049198,1
gene_4197443,1
gene_2627012,1
6-2_GL0045187,1
gene_3965536,1
gene_4545671,1
gene_3379647,1
gene_2407319,1
gene_3248996,1
gene_4436772,1
gene_4150483,1
gene_2693368,1
gene_3348318,1
gene_3340949,1
gene_3731782,1
gene_4224745,1
gene_3455907,1
gene_4119541,1
gene_4285183,1
gene_3261645,1
gene_4606134,1
gene_3715439,1
2-5_GL0002647,1
gene_4430107,1
gene_3675170,1
gene_2681352,1
gene_4553640,1
gene_2607397,1
gene_4488964,1
gene_4063495,1
gene_4465465,1
gene_3779664,1
gene_4188445,1
gene_2901772,1
gene_3879286,1
gene_3975886,1
gene_3604524,1
gene_3567712,1
gene_3597982,1
gene_4447213,1
gene_4434977,1
gene_3439987,1
gene_3876608,1
gene_2815952,1
gene_3587607,1
gene_1751608,1
gene_1909780,1
gene_4308977,1
gene_3843253,1
gene_3869708,1
gene_1531692,1
gene_3757674,1
gene_3962564,1
gene_2207331,1
gene_4414672,1
gene_4198428,1
gene_3890836,1
gene_3309556,1
gene_4287169,1
gene_4133781,1
gene_3653388,1
gene_3776871,1
gene_4413465,1
gene_4020953,1
gene_4548681,1
gene_4225516,1
gene_3465663,1
gene_4455585,1
gene_2961225,1
gene_3794852,1
gene_3828314,1
gene_3502161,1
gene_2312135,1
gene_4324548,1
gene_4029621,1
gene_1132593,1
gene_4187452,1
gene_3142254,1
gene_2786337,1
gene_3779890,1
gene_4109764,1
gene_4083817,1
gene_2939880,1
gene_4430385,1
gene_3392796,1
gene_2580888,1
gene_3473733,1
gene_3120096,1
gene_3712257,1
gene_4183215,1
gene_2468192,1
gene_4474439,1
gene_3413369,1
gene_3865749,1
gene_4313171,1
gene_4636095,1
gene_2796219,1
gene_4268522,1
gene_4065521,1
gene_4570940,1
gene_4324543,1
gene_4390355,1
gene_1248341,1
gene_4596879,1
gene_3378590,1
gene_4190841,1
gene_4220195,1
gene_3274636,1
gene_3020737,1
gene_4065055,1
gene_3278897,1
gene_2628548,1
gene_3734552,1
gene_3151780,1
gene_4339167,1
gene_4098509,1
S-Fe2_GL0037586,1
gene_3449442,1
gene_1870982,1
gene_4245197,1
Group2-8A_GL0019642,1
gene_3902136,1
gene_1599591,1
gene_4221341,1
gene_3118243,1
gene_3918052,1
gene_3504430,1
gene_3278830,1
gene_4113333,1
gene_4548698,1
gene_3826206,1
gene_3283258,1
gene_4440718,1
gene_3753385,1
gene_4041787,1
gene_2718995,1
gene_3794272,1
gene_3578233,1
gene_3167458,1
17_GL0018424,1
gene_1891608,1
10_GL0089942,1
gene_3318055,1
gene_4403955,1
gene_2770240,1
gene_4335945,1
gene_3775366,1
gene_4074441,1
10_GL0088870,1
gene_4252777,1
gene_4271360,1
gene_2381771,1
gene_4458767,1
2A-dyr13-07_GL0028278,1
gene_3937879,1
gene_2563946,1
gene_2580472,1
gene_3957841,1
gene_3698634,1
gene_3145741,1
gene_2593844,1
gene_2757352,1
gene_2464960,1
gene_2900475,1
gene_3505002,1
gene_4010239,1
gene_3814914,1
gene_4487749,1
gene_3744615,1
gene_3345594,1
gene_4054939,1
gene_3529499,1
gene_3132729,1
gene_3665100,1
gene_3009413,1
gene_4281850,1
gene_3851931,1
gene_3719513,1
gene_3491195,1
gene_2499059,1
gene_3142374,1
gene_4249770,1
gene_4390597,1
gene_1883818,1
gene_2206337,1
gene_3487039,1
gene_3608173,1
gene_3969153,1
gene_3331194,1
gene_3393465,1
gene_3312496,1
gene_3748124,1
gene_3672333,1
gene_4396583,1
gene_4588405,1
gene_4557843,1
gene_3942773,1
gene_3675560,1
gene_3534764,1
gene_2947105,1
gene_4272177,1
gene_4440066,1
gene_3521374,1
gene_3435988,1
gene_4578382,1
gene_3709159,1
gene_3568808,1
gene_3091338,1
gene_4390709,1
gene_3379165,1
gene_4531958,1
gene_4210648,1
gene_4514295,1
gene_2959668,1
gene_3465652,1
gene_3064242,1
HF-F_13_GL0168735,1
gene_4415668,1
gene_4233166,1
S-Fe10_GL0077937,1
gene_2896782,1
S-Fe9_GL0081534,1
gene_3635848,1
gene_4350243,1
gene_4019821,1
gene_4012210,1
gene_4489433,1
gene_1859233,1
gene_3250296,1
2-6_GL0011566,1
gene_4097696,1
gene_2936406,1
gene_3044856,1
gene_3957686,1
gene_4261395,1
gene_3453311,1
gene_3669318,1
gene_4025246,1
gene_3866563,1
gene_3201854,1
gene_4072594,1
Chow_1_GL0024022,1
gene_3585819,1
gene_4078938,1
2A-dyr14-06_GL0057715,1
gene_3891306,1
gene_3397670,1
gene_3852128,1
gene_4533437,1
gene_2709051,1
gene_3765610,1
gene_3906465,1
gene_4015787,1
gene_4404134,1
gene_3485246,1
gene_3483304,1
gene_2292867,1
gene_2930741,1
gene_4511342,1
gene_2099803,1
gene_4178017,1
gene_3731424,1
gene_4446491,1
gene_2730587,1
gene_4282712,1
gene_4309896,1
gene_3830396,1
gene_3215834,1
gene_3621114,1
gene_2660406,1
gene_4177485,1
gene_3156184,1
gene_4328382,1
gene_3479893,1
gene_3589986,1
gene_3393852,1
gene_4050868,1
gene_4413355,1
gene_3807251,1
gene_2892237,1
gene_4354765,1
gene_2836775,1
gene_4078822,1
gene_4610388,1
gene_3903574,1
gene_3112728,1
gene_2727610,1
gene_3021689,1
gene_2937273,1
HF-F_14_GL0057810,1
gene_3681118,1
gene_4369201,1
gene_4091544,1
gene_4468293,1
gene_4408296,1
gene_3444466,1
gene_4098275,1
Group2-5A_GL0053566,1
gene_4179753,1
gene_3687102,1
gene_4507601,1
gene_4232271,1
gene_3254246,1
gene_3795644,1
10_GL0081464,1
gene_4474867,1
gene_2544045,1
gene_4359401,1
gene_3456421,1
gene_4584354,1
gene_3915361,1
gene_3220641,1
gene_3351272,1
gene_3687947,1
Group2-1A_GL0132057,1
gene_1901602,1
gene_4604162,1
gene_1447266,1
AF73-05_1_GL0000989,1
gene_3370331,1
gene_3539470,1
gene_3645049,1
gene_3876780,1
gene_3947095,1
gene_3869419,1
gene_3601915,1
gene_4252019,1
gene_2655519,1
gene_4068697,1
gene_4476120,1
gene_3933825,1
gene_4320307,1
gene_3158900,1
gene_3245308,1
gene_4200496,1
gene_4317366,1
gene_4354044,1
gene_4154809,1
gene_2394518,1
gene_4157004,1
gene_2802090,1
gene_2860141,1
32_GL0088853,1
2A-dyr13-07_GL0025333,1
gene_2708231,1
gene_3976876,1
gene_2580698,1
gene_3048959,1
gene_4572455,1
gene_4288745,1
gene_3744936,1
gene_4130458,1
gene_2996840,1
gene_2660586,1
gene_3510136,1
gene_4049875,1
gene_4413201,1
gene_3449861,1
gene_2149782,1
gene_3047286,1
1A-dyr2-07_GL0017805,1
gene_3674016,1
gene_2918870,1
gene_2709803,1
gene_3963408,1
gene_3176102,1
gene_4551757,1
gene_4404413,1
gene_3633950,1
gene_4616862,1
gene_4307193,1
gene_3569351,1
gene_3235354,1
gene_2436233,1
gene_2606539,1
gene_2637504,1
gene_3130457,1
gene_4018864,1
gene_2868375,1
HF-F_13_GL0050361,1
gene_1588091,1
gene_3000702,1
gene_2912183,1
gene_3987136,1
gene_2858257,1
S-Fe3_GL0237479,1
gene_4221589,1
HF-F_13_GL0228743,1
gene_4030612,1
gene_3658336,1
gene_3523357,1
gene_3425753,1
gene_4538815,1
gene_3970090,1
gene_4530852,1
gene_4151176,1
gene_3971230,1
Food_7_GL0244232,1
gene_1919280,1
gene_4550987,1
gene_2735624,1
gene_823125,1
gene_4461408,1
gene_2155056,1
gene_2408434,1
gene_4547140,1
gene_3784557,1
gene_4628630,1
gene_3617968,1
gene_3132676,1
gene_3513438,1
gene_4035076,1
gene_3623351,1
gene_3196522,1
gene_2918385,1
gene_4454029,1
gene_2647474,1
gene_3951564,1
DSM22607_6_GL0162660,1
gene_2593404,1
gene_4514167,1
gene_3146127,1
gene_3186447,1
gene_3153826,1
gene_3709014,1
gene_3972191,1
gene_3187099,1
gene_4108298,1
gene_4264237,1
gene_4045734,1
gene_3600812,1
gene_3073449,1
gene_2404446,1
gene_4028627,1
gene_3932444,1
gene_3661557,1
gene_4155073,1
gene_3140189,1
gene_3152502,1
gene_3935268,1
gene_4282363,1
gene_4278520,1
gene_4060237,1
gene_4543325,1
Food_9_GL0416870,1
gene_3972274,1
gene_4141527,1
gene_4459538,1
gene_4358130,1
gene_3769901,1
gene_4428009,1
gene_2939564,1
gene_4367656,1
gene_2817328,1
gene_1839334,1
gene_3896818,1
1B-dyr7-07_GL0019638,1
gene_3495041,1
gene_3788998,1
gene_3742672,1
gene_4245731,1
gene_3970121,1
NZ_RAYY01000078.1_cds_WP_120425292.1_4798,1
gene_3172718,1
Chow_5_GL0191498,1
Food_8_GL0296833,1
gene_3295017,1
gene_3498810,1
gene_4625730,1
gene_4587806,1
gene_3171828,1
gene_4174050,1
gene_2151493,1
gene_4633741,1
gene_1840857,1
gene_3588270,1
gene_2968732,1
gene_3201291,1
gene_3161382,1
gene_3521653,1
gene_2637716,1
gene_3939011,1
gene_1178053,1
gene_3082746,1
gene_3340204,1
gene_3318694,1
gene_4137615,1
gene_3531328,1
1A-dyr2-07_GL0028820,1
gene_3513320,1
gene_4570601,1
gene_1751702,1
gene_4074200,1
Food_9_GL0307548,1
gene_4467498,1
gene_4350334,1
gene_3767066,1
gene_4211536,1
gene_2692402,1
7-4_GL0041102,1
gene_4019325,1
gene_3720054,1
gene_3553777,1
gene_2662505,1
gene_4495268,1
gene_2880668,1
gene_4066555,1
gene_4244147,1
gene_2606694,1
gene_3805779,1
gene_3297821,1
gene_3295608,1
gene_3988509,1
gene_3691903,1
gene_3242589,1
27_GL0085325,1
Food_9_GL0020993,1
10_GL0020101,1
gene_4192698,1
Food_1_GL0180846,1
S-Fe20_GL0108392,1
gene_3113666,1
gene_1434449,1
gene_4604522,1
gene_3663116,1
gene_4070965,1
gene_4475253,1
gene_3061091,1
gene_3588572,1
gene_4273994,1
6-2_GL0015558,1
gene_3039106,1
gene_2655352,1
18_GL0075053,1
gene_2704932,1
gene_4138274,1
gene_4397937,1
gene_3772390,1
gene_4189491,1
gene_3782006,1
gene_3130668,1
HF-F_13_GL0018592,1
gene_3435332,1
gene_4546397,1
gene_4475280,1
gene_3471658,1
gene_2812586,1
gene_3903371,1
gene_4298100,1
gene_4417303,1
gene_4484545,1
gene_4616112,1
gene_4322477,1
gene_3380452,1
gene_3008160,1
gene_4543531,1
gene_3845341,1
gene_2797129,1
gene_2224038,1
gene_3995572,1
gene_4157228,1
gene_3873611,1
gene_4487833,1
gene_2294781,1
gene_4628097,1
gene_3782133,1
gene_4409632,1
gene_4585588,1
gene_4317269,1
gene_2667097,1
gene_4101971,1
gene_2781906,1
gene_4113176,1
gene_4306424,1
gene_3866590,1
gene_4492092,1
gene_4575371,1
gene_4291363,1
gene_4157781,1
gene_4556994,1
gene_3654919,1
gene_3343216,1
gene_3479886,1
gene_3081918,1
gene_1243455,1
gene_3271135,1
gene_4384119,1
gene_4078937,1
gene_4122435,1
gene_4113889,1
gene_2327099,1
gene_3846348,1
Chow_8_GL0124920,1
gene_2978481,1
gene_3912895,1
gene_1689849,1
gene_3497352,1
gene_3605168,1
gene_4216409,1
gene_3052834,1
gene_4059908,1
gene_3588998,1
gene_4483610,1
gene_4018882,1
gene_1040603,1
gene_3877552,1
gene_3065537,1
gene_4262778,1
gene_3366243,1
gene_3474765,1
gene_3745683,1
gene_4406217,1
gene_4104330,1
gene_2532002,1
gene_3342680,1
gene_3223091,1
gene_3854714,1
gene_4554367,1
gene_1978955,1
gene_4295144,1
gene_3720591,1
gene_4296558,1
gene_4233646,1
S-Fe9_GL0098780,1
gene_3962714,1
gene_2435938,1
gene_3188011,1
gene_2920731,1
gene_2360981,1
gene_4557471,1
gene_4528964,1
gene_4385823,1
gene_3639124,1
gene_3978273,1
gene_4008793,1
gene_3858250,1
gene_3334807,1
AF73-05_8_GL0036165,1
gene_3919686,1
Group2-6A_GL0107913,1
gene_4442354,1
gene_4171685,1
gene_3774677,1
5-3_GL0058044,1
gene_2577736,1
gene_2689308,1
gene_3852856,1
gene_2755310,1
gene_4032245,1
gene_3259862,1
gene_4123516,1
gene_4297517,1
gene_2807419,1
gene_3680672,1
gene_4485052,1
gene_2801652,1
gene_3833087,1
gene_4062882,1
gene_3070788,1
gene_2045016,1
gene_3565084,1
gene_4356873,1
gene_3322123,1
gene_3940626,1
gene_2795129,1
gene_3377706,1
gene_3213414,1
gene_3666485,1
gene_3925128,1
10_GL0063244,1
gene_4516096,1
gene_4045945,1
gene_4578616,1
gene_4367746,1
gene_3418796,1
gene_3936976,1
gene_3389699,1
gene_1719308,1
gene_807947,1
gene_3568222,1
DSM22607_8_GL0195074,1
gene_3102304,1
gene_3477031,1
gene_2001910,1
gene_2105869,1
gene_4127063,1
Food_3_GL0007153,1
gene_3514398,1
gene_4174597,1
gene_2616348,1
gene_4294575,1
gene_4580201,1
2A-dyr13-07_GL0035758,1
gene_4469908,1
gene_4098926,1
gene_4528855,1
gene_4486752,1
gene_4088827,1
gene_3661470,1
gene_4206276,1
gene_4627614,1
gene_3489250,1
gene_2547799,1
gene_3932476,1
gene_2803003,1
gene_3757798,1
gene_3854332,1
gene_4452668,1
gene_4377050,1
gene_3603843,1
gene_3442146,1
gene_3080605,1
gene_3521100,1
gene_3949477,1
gene_4398710,1
gene_3279156,1
gene_3915970,1
gene_3372406,1
gene_3346928,1
gene_3525931,1
gene_2617190,1
gene_4432533,1
gene_4386035,1
gene_4094009,1
NZ_QWMU01000079.1_cds_WP_119448485.1_1917,1
gene_3187540,1
gene_4107838,1
gene_2414656,1
gene_3998828,1
gene_3253822,1
gene_2593403,1
2A-dyr13-07_GL0014381,1
gene_3431330,1
gene_3414628,1
gene_4494868,1
gene_4017536,1
gene_2549268,1
gene_3344978,1
gene_4468351,1
gene_3099336,1
gene_3333401,1
gene_3190367,1
gene_4243765,1
gene_3024766,1
gene_3656157,1
gene_4323770,1
gene_2699727,1
gene_4464359,1
gene_3772391,1
gene_4616808,1
gene_3507841,1
gene_4612602,1
gene_4110879,1
gene_3687937,1
gene_3161128,1
gene_3871969,1
gene_3868330,1
gene_4436248,1
gene_3181942,1
gene_4339152,1
gene_3255271,1
gene_3250778,1
gene_4198429,1
gene_4043459,1
gene_3153339,1
gene_3371358,1
Food_2_GL0153128,1
gene_4430036,1
gene_3971122,1
gene_2951317,1
2A-dyr13-07_GL0015267,1
gene_3893889,1
gene_3965811,1
gene_2832709,1
gene_3857006,1
gene_3860123,1
gene_4453800,1
gene_2742977,1
gene_2805889,1
gene_3721477,1
gene_3232543,1
gene_3850596,1
gene_3414856,1
gene_3548870,1
gene_4315090,1
gene_4049926,1
gene_3450713,1
gene_3843911,1
gene_2554573,1
NZ_KB822442.1_cds_WP_004070259.1_1014,1
gene_3786331,1
gene_3811582,1
gene_2331088,1
gene_4098764,1
gene_4202306,1
gene_3183345,1
gene_2519781,1
gene_3986835,1
gene_4451526,1
gene_2156271,1
gene_3977814,1
gene_4332161,1
gene_4267125,1
gene_4269003,1
gene_2524117,1
gene_4391501,1
gene_3387352,1
gene_3634673,1
gene_2758832,1
S-Fe10_GL0015638,1
gene_4281765,1
gene_2859202,1
gene_2517318,1
gene_3608035,1
gene_4114231,1
gene_3889202,1
gene_4451966,1
gene_1588773,1
gene_3383884,1
gene_3773704,1
gene_823130,1
gene_4379471,1
gene_3552318,1
gene_1301587,1
gene_3655316,1
OB-1_3_GL0154950,1
gene_2448378,1
gene_4516716,1
gene_4541943,1
gene_3590937,1
gene_4124366,1
gene_2671214,1
gene_3946127,1
gene_3658133,1
gene_4120479,1
gene_2576494,1
gene_4464816,1
Chow_6_GL0068657,1
gene_3482861,1
gene_2460900,1
gene_3342850,1
gene_4077753,1
gene_3246675,1
gene_4051779,1
1A-dyr1-07_GL0019023,1
gene_2596394,1
gene_3320975,1
gene_4257448,1
gene_4485089,1
gene_3723201,1
gene_3816101,1
gene_4558369,1
gene_4245652,1
gene_4410006,1
gene_4231121,1
gene_3902466,1
gene_2673338,1
gene_3191254,1
gene_2928081,1
gene_2878984,1
gene_3698970,1
gene_4560369,1
gene_3349577,1
gene_2013835,1
gene_2898717,1
gene_4403637,1
gene_4516507,1
gene_2681910,1
gene_4527690,1
gene_3354997,1
gene_4089287,1
gene_4493884,1
gene_2691110,1
gene_4190416,1
gene_3730375,1
gene_3452370,1
gene_4415330,1
S-Fe11_GL0000709,1
gene_4158827,1
gene_2074107,1
gene_3648193,1
gene_3785688,1
gene_4410874,1
gene_3711777,1
gene_4378241,1
gene_2997680,1
gene_4622231,1
gene_3093453,1
gene_3550681,1
gene_3214410,1
gene_3883400,1
gene_4028443,1
HF-F_13_GL0080932,1
gene_3300268,1
HF-S_12_GL0119296,1
gene_3493243,1
gene_2640474,1
gene_3419631,1
gene_3532806,1
gene_3602781,1
gene_4290830,1
2-1_GL0050243,1
gene_2909760,1
gene_3071236,1
gene_2746576,1
gene_4155290,1
gene_3463030,1
gene_4230920,1
gene_2848696,1
gene_3746123,1
gene_4618754,1
10_GL0037899,1
gene_3070638,1
gene_3531582,1
gene_3458968,1
gene_3148966,1
gene_2921923,1
gene_4038185,1
10_GL0019360,1
gene_4022318,1
gene_2089496,1
gene_2161704,1
gene_3492503,1
gene_4120211,1
gene_3618138,1
gene_4529664,1
gene_4520227,1
gene_4018547,1
gene_4327134,1
gene_4563052,1
gene_3328955,1
gene_4448140,1
gene_4055541,1
2A-dyr13-07_GL0006910,1
gene_3652250,1
gene_3252185,1
gene_4168699,1
gene_3303778,1
gene_4045667,1
gene_4233291,1
gene_3662003,1
2A-dyr14-07_GL0063042,1
gene_3893332,1
gene_3402629,1
gene_4298177,1
HF-S_3_GL0238500,1
gene_4122700,1
gene_3417923,1
AF73-05_13_GL0202353,1
gene_4351169,1
gene_3631428,1
gene_2993224,1
gene_4595905,1
gene_2827278,1
gene_2612123,1
gene_3152681,1
gene_3278108,1
gene_4257564,1
gene_4555750,1
gene_4556383,1
gene_4106079,1
S-Fe10_GL0023489,1
gene_4484928,1
gene_4618638,1
gene_3919781,1
gene_4548146,1
gene_4155031,1
gene_2533335,1
gene_3614203,1
gene_3365032,1
gene_4613296,1
gene_1223262,1
gene_4037309,1
gene_3328331,1
gene_4010774,1
gene_4228853,1
gene_2185655,1
gene_3373702,1
gene_4029175,1
gene_4112760,1
gene_3184565,1
gene_4063984,1
Group2-5A_GL0073947,1
gene_2896443,1
gene_3806668,1
gene_4348128,1
gene_3443753,1
gene_3198194,1
gene_4306428,1
gene_4476183,1
gene_3896386,1
2A-dyr14-06_GL0033267,1
gene_3161724,1
S-Fe10_GL0045963,1
gene_3762768,1
gene_3358693,1
gene_2454605,1
gene_4639497,1
gene_3000941,1
gene_4486197,1
S-Fe2_GL0187649,1
gene_4388235,1
gene_4219635,1
gene_3922794,1
gene_4084267,1
gene_1393389,1
gene_3531461,1
4_GL0056085,1
gene_1311329,1
gene_3555846,1
gene_3738806,1
gene_2472536,1
gene_3486398,1
gene_4468857,1
gene_3161649,1
gene_4588957,1
gene_3125398,1
gene_3390481,1
gene_3323466,1
gene_571928,1
gene_3655825,1
gene_4006827,1
gene_4422917,1
gene_4237985,1
gene_3850706,1
Group2-7A_GL0091682,1
gene_3292455,1
gene_3890904,1
gene_3090722,1
gene_1396329,1
gene_3302293,1
gene_3225741,1
gene_4575329,1
gene_4079486,1
gene_4261372,1
gene_4093873,1
gene_2101002,1
HF-F_6_GL0369697,1
gene_3681159,1
gene_4068721,1
gene_3488342,1
gene_2499701,1
gene_2713541,1
gene_4388825,1
gene_2787204,1
gene_4133076,1
gene_3997670,1
gene_3388932,1
gene_3960883,1
gene_4130459,1
gene_4529021,1
gene_4255056,1
gene_4553243,1
gene_3977255,1
gene_4161553,1
gene_4135236,1
gene_4091453,1
gene_4303246,1
gene_3238170,1
gene_4617151,1
gene_4374133,1
gene_3060320,1
2A-dyr13-07_GL0038639,1
gene_4070045,1
gene_1769268,1
gene_3082788,1
gene_4411634,1
gene_2122710,1
gene_2494513,1
gene_3897827,1
gene_3978556,1
gene_4412004,1
gene_563131,1
gene_4161183,1
gene_3234845,1
gene_2688566,1
gene_4135347,1
gene_4284110,1
gene_3002132,1
gene_4323000,1
gene_3582823,1
gene_4611318,1
gene_3297183,1
gene_2837941,1
gene_3830158,1
gene_3926518,1
gene_4462509,1
gene_4639446,1
gene_3457938,1
gene_4183637,1
gene_3618054,1
1A-dyr2-07_GL0069701,1
gene_4602631,1
gene_4619648,1
gene_4065749,1
gene_4616158,1
gene_4503596,1
gene_2897647,1
gene_4536621,1
gene_4472082,1
gene_3799718,1
gene_3601622,1
gene_4171893,1
gene_2669432,1
gene_4571447,1
gene_4249799,1
gene_1773583,1
gene_4401640,1
gene_4174016,1
gene_3722005,1
gene_3846434,1
gene_3662765,1
gene_2475979,1
10_GL0030964,1
gene_3540479,1
2A-dyr13-07_GL0041227,1
gene_4248294,1
gene_3463044,1
gene_2564470,1
gene_4395569,1
gene_2687295,1
gene_4465115,1
gene_3747185,1
gene_3690900,1
19_GL0066769,1
gene_3647721,1
gene_2872971,1
gene_4466125,1
gene_2804011,1
gene_3595811,1
DSM22607_8_GL0035676,1
gene_3272113,1
gene_3061402,1
gene_2903659,1
gene_4262210,1
AF73-05_11_GL0316229,1
gene_4562910,1
gene_2869943,1
gene_4616472,1
gene_3688035,1
gene_3826208,1
gene_3667124,1
gene_3786873,1
gene_3430385,1
2A-dyr13-07_GL0040488,1
gene_4277800,1
gene_4267130,1
gene_3988888,1
gene_3523764,1
gene_3906344,1
Chow_8_GL0246958,1
gene_3415481,1
gene_2673767,1
gene_2781504,1
gene_724321,1
gene_2662138,1
gene_4083553,1
gene_2300414,1
gene_4486998,1
gene_4560115,1
gene_1454868,1
10_GL0065275,1
gene_3205727,1
gene_3924465,1
gene_4003498,1
gene_4315489,1
gene_3393723,1
gene_4002576,1
gene_2799457,1
gene_3866137,1
gene_2474807,1
gene_3650648,1
gene_4020396,1
gene_2142297,1
gene_3396118,1
gene_2543540,1
gene_4298447,1
gene_4382028,1
gene_4397798,1
gene_3690188,1
gene_3607491,1
gene_3449869,1
gene_2436311,1
gene_3295259,1
gene_2742204,1
gene_4197346,1
Food_2_GL0110195,1
gene_3366774,1
gene_3531592,1
gene_3055341,1
gene_3283247,1
gene_3695456,1
gene_3616512,1
gene_4292376,1
gene_2165819,1
gene_3337090,1
gene_4099213,1
gene_4580762,1
gene_2654849,1
gene_3503352,1
10_GL0097152,1
gene_2418584,1
gene_2969134,1
gene_4519530,1
gene_1796315,1
gene_3440330,1
gene_3762126,1
6-3_GL0037840,1
gene_3654649,1
gene_2726030,1
gene_3461549,1
gene_3771029,1
gene_4529742,1
gene_3504591,1
gene_2505818,1
gene_1700118,1
gene_4459246,1
gene_3232476,1
gene_4114838,1
gene_3764930,1
gene_3388839,1
gene_1889552,1
gene_3942686,1
gene_3692281,1
gene_4013532,1
gene_4382898,1
gene_3604879,1
gene_3238418,1
gene_3761661,1
gene_3606149,1
gene_3109694,1
gene_4237134,1
gene_3585333,1
gene_4569827,1
gene_4275799,1
gene_2847622,1
gene_2906382,1
gene_3546928,1
gene_3565595,1
gene_4461479,1
gene_4162237,1
gene_4064357,1
gene_2282922,1
gene_2597408,1
gene_3802989,1
gene_4338992,1
gene_4174650,1
gene_4593421,1
gene_3913306,1
gene_4306354,1
gene_4510589,1
gene_4426002,1
gene_2862598,1
gene_4448519,1
gene_4262522,1
gene_3582467,1
gene_4618540,1
gene_3434069,1
gene_3980856,1
gene_4122966,1
gene_2869937,1
gene_1753645,1
gene_3045972,1
gene_3962906,1
gene_2613990,1
gene_2934570,1
gene_3659816,1
1A-dyr2-07_GL0080681,1
NZ_KB822413.1_cds_WP_004039887.1_247,1
gene_2373396,1
gene_3645766,1
Food_9_GL0331766,1
gene_3169021,1
gene_3969372,1
10_GL0018913,1
gene_4269184,1
10_GL0000842,1
gene_3402287,1
gene_4441698,1
gene_4288722,1
gene_3664906,1
gene_4255945,1
gene_4132568,1
gene_4361359,1
gene_4071155,1
gene_2456312,1
gene_4548817,1
gene_4576714,1
gene_3417131,1
gene_3028825,1
gene_4016578,1
gene_3149934,1
gene_3920342,1
gene_3343009,1
gene_3116055,1
gene_4046970,1
gene_3041723,1
gene_2913615,1
gene_3399689,1
gene_3948897,1
gene_3575794,1
gene_4075785,1
gene_3942298,1
gene_3972333,1
gene_2118913,1
gene_4592931,1
gene_2543176,1
gene_4566561,1
gene_4268384,1
gene_1733258,1
gene_2737246,1
gene_4423980,1
gene_3667781,1
gene_3061377,1
gene_3229463,1
gene_3380716,1
gene_4526344,1
gene_2835585,1
gene_2121674,1
gene_3425457,1
gene_3721770,1
6_GL0109469,1
gene_3765290,1
gene_3038827,1
gene_2762761,1
26_GL0129164,1
gene_3730329,1
gene_3293227,1
gene_3880100,1
gene_1567852,1
gene_1801275,1
gene_4385938,1
gene_3523872,1
gene_4276497,1
gene_4299448,1
gene_3994785,1
gene_3318967,1
gene_2618666,1
31_GL0068901,1
gene_4468962,1
10_GL0054023,1
gene_3270413,1
gene_3442247,1
S-Fe10_GL0128219,1
gene_3275381,1
gene_4355535,1
gene_3322762,1
gene_4178653,1
gene_2934785,1
gene_4345870,1
5-1_GL0002475,1
gene_4316941,1
gene_3881140,1
gene_3942334,1
gene_4468042,1
gene_4590686,1
gene_3226819,1
gene_3975728,1
gene_4211270,1
S-Fe3_GL0101073,1
OB-1_5_GL0060286,1
8-6_GL0077148,1
gene_2858156,1
gene_4259557,1
gene_4069767,1
gene_4080300,1
gene_3076598,1
gene_4131591,1
gene_4118579,1
gene_3364948,1
gene_4012376,1
gene_1299768,1
gene_4419019,1
gene_4086269,1
gene_4108405,1
S-Fe8_GL0119162,1
gene_4588639,1
gene_3693790,1
gene_3788411,1
gene_4461666,1
gene_4062255,1
gene_4123184,1
8-6_GL0037372,1
gene_4606428,1
gene_4240059,1
gene_4012087,1
gene_4446492,1
gene_4082105,1
gene_3536375,1
gene_3645798,1
gene_2217004,1
10_GL0030377,1
gene_3724427,1
gene_4447752,1
gene_3448257,1
gene_3288393,1
gene_1396263,1
gene_2754399,1
gene_3865682,1
gene_3796468,1
gene_3044331,1
gene_2496804,1
gene_4254073,1
gene_3631690,1
gene_3873485,1
gene_3191984,1
gene_3315884,1
gene_3777283,1
gene_4549448,1
gene_3607948,1
gene_2922880,1
gene_4592966,1
gene_2862189,1
gene_1864053,1
gene_3607660,1
gene_4124367,1
gene_2953150,1
Group2-5A_GL0044621,1
gene_3591524,1
gene_3751023,1
gene_3933251,1
gene_4473240,1
gene_2537019,1
G1-3A_GL0124507,1
gene_3778433,1
gene_3805758,1
gene_3465669,1
gene_4398601,1
gene_4552566,1
gene_3714331,1
gene_2688110,1
gene_4446292,1
gene_4554836,1
gene_2868454,1
7-5_GL0156216,1
gene_2768095,1
gene_4407754,1
gene_3111497,1
gene_2757120,1
gene_3917663,1
gene_4054704,1
gene_2924738,1
gene_3509806,1
gene_3884617,1
gene_4630899,1
gene_3523355,1
gene_3796250,1
gene_2663313,1
gene_3951442,1
gene_3584755,1
gene_571955,1
gene_4541653,1
gene_2833274,1
DSM22607_8_GL0117005,1
gene_3792553,1
gene_4257407,1
gene_4356374,1
gene_3819288,1
gene_3673831,1
gene_4358792,1
gene_4112350,1
gene_3926374,1
gene_3115419,1
gene_4305174,1
gene_3519087,1
gene_3980304,1
gene_4583453,1
gene_3377776,1
gene_4069642,1
gene_3896512,1
gene_4215464,1
gene_3158571,1
gene_4262917,1
gene_3677692,1
gene_4307377,1
gene_2828060,1
gene_3011251,1
gene_1176972,1
gene_3536627,1
gene_3819996,1
gene_4307019,1
gene_4460640,1
gene_4153702,1
gene_4075305,1
gene_3130317,1
gene_3714934,1
gene_2344693,1
gene_3644120,1
gene_4247442,1
gene_4508133,1
gene_4610161,1
gene_3368045,1
gene_2424288,1
NZ_RAYF01000076.1_cds_WP_120438824.1_3602,1
gene_3483481,1
gene_4526359,1
gene_4090423,1
gene_3965103,1
gene_3115805,1
gene_3716163,1
gene_3223094,1
gene_4496053,1
NZ_RAYX01000062.1_cds_1474,1
gene_3899748,1
gene_4630771,1
gene_3815046,1
gene_3749630,1
gene_3774026,1
gene_4226113,1
4-1_GL0022864,1
gene_3986074,1
gene_4592416,1
gene_3458772,1
gene_4036751,1
gene_3297059,1
gene_4424239,1
gene_3725822,1
gene_3760631,1
gene_3617052,1
gene_4244922,1
gene_3513395,1
gene_3878217,1
gene_4564896,1
gene_3208052,1
gene_4573322,1
gene_4344427,1
gene_4422994,1
Group2-5A_GL0052796,1
gene_3535586,1
gene_4217503,1
gene_4219189,1
gene_2035907,1
gene_3851311,1
gene_3862732,1
gene_2363091,1
11_GL0024908,1
gene_4479583,1
NZ_QWMU01000010.1_cds_WP_089135279.1_71,1
gene_4129458,1
gene_4589340,1
Chow_2_GL0086905,1
gene_1980383,1
gene_1416948,1
gene_2237050,1
gene_4639379,1
gene_2574162,1
gene_4356528,1
gene_4414928,1
gene_4021600,1
gene_2210705,1
gene_4616080,1
gene_2145861,1
gene_3573970,1
gene_3455917,1
gene_385643,1
gene_3364737,1
gene_3732671,1
gene_2595883,1
gene_2645002,1
gene_1424042,1
gene_4104411,1
gene_3332457,1
gene_3712022,1
gene_4088905,1
gene_2953799,1
gene_3237366,1
gene_3877684,1
10_GL0012836,1
gene_3313838,1
gene_3790447,1
gene_4632864,1
gene_3300429,1
gene_4019536,1
S-Fe1_GL0022956,1
gene_2474232,1
gene_2324174,1
gene_3919751,1
gene_4082906,1
gene_2965519,1
gene_3942741,1
gene_3567395,1
gene_4267463,1
gene_3642582,1
gene_3702692,1
gene_2880235,1
gene_3497399,1
gene_3072213,1
gene_4059028,1
gene_3933216,1
gene_3629294,1
gene_3753196,1
10_GL0072670,1
gene_4608588,1
gene_4562747,1
gene_2846508,1
gene_4482919,1
gene_4342646,1
gene_997300,1
gene_3416635,1
gene_4362502,1
gene_3601459,1
gene_3760912,1
gene_3830786,1
10_GL0031268,1
gene_2495952,1
gene_3316943,1
gene_3895292,1
gene_2781908,1
gene_3803623,1
gene_3492062,1
gene_2816159,1
gene_4565701,1
NZ_QWMU01000082.1_cds_WP_004050033.1_1985,1
S-Fe10_GL0022411,1
gene_3188914,1
gene_3727432,1
gene_4066796,1
gene_3865516,1
8-7_GL0022582,1
gene_3742743,1
gene_2446033,1
gene_4160771,1
gene_4337759,1
gene_4209715,1
gene_3379620,1
gene_4089703,1
gene_3338441,1
gene_4065863,1
gene_2954151,1
gene_3451241,1
gene_3625924,1
gene_2812742,1
gene_3236790,1
gene_2902374,1
gene_4322343,1
gene_3105995,1
gene_4466673,1
gene_3299366,1
gene_3957763,1
HF-S_13_GL0255940,1
gene_4402671,1
gene_3665999,1
gene_3602329,1
gene_4292989,1
gene_4191312,1
gene_3261425,1
gene_3218035,1
gene_4294214,1
gene_4505067,1
gene_552906,1
gene_4544813,1
gene_3809805,1
gene_3677582,1
gene_4297353,1
gene_4378588,1
gene_4583298,1
gene_4317590,1
gene_3010079,1
gene_3564474,1
gene_3722024,1
gene_3117423,1
1A-dyr2-07_GL0003019,1
gene_4570773,1
10_GL0065284,1
gene_3857060,1
gene_4196444,1
gene_3864813,1
gene_4274778,1
13_GL0011540,1
gene_2811446,1
gene_3178221,1
gene_2741080,1
gene_3395007,1
gene_3061807,1
gene_4388033,1
gene_3805840,1
gene_2798751,1
gene_3204127,1
gene_4400118,1
gene_3235174,1
gene_2210667,1
gene_4145264,1
gene_3515490,1
gene_4515068,1
gene_3077176,1
gene_4387504,1
gene_3919194,1
gene_4630016,1
gene_3335442,1
gene_4484753,1
gene_4137982,1
S-Fe2_GL0170694,1
gene_3789394,1
gene_3894068,1
gene_4176904,1
gene_4583749,1
gene_3871274,1
gene_3115620,1
gene_3843080,1
gene_3646502,1
gene_4443357,1
gene_1663177,1
gene_3778693,1
gene_3718894,1
gene_4581950,1
gene_4535440,1
gene_3266512,1
10_GL0080280,1
gene_2845806,1
gene_4312783,1
Chow_7_GL0043743,1
gene_4163357,1
gene_3705105,1
gene_3703627,1
gene_4143416,1
3-8_GL0049027,1
gene_4306359,1
gene_2631105,1
gene_1222987,1
gene_4411451,1
gene_4421501,1
gene_4343217,1
gene_4590702,1
gene_4639586,1
gene_3559030,1
47_GL0122454,1
gene_3527816,1
gene_4484583,1
gene_3386605,1
gene_3744206,1
gene_4202668,1
gene_4439171,1
gene_4006188,1
gene_2693597,1
gene_4414227,1
Food_10_GL0161363,1
gene_3529689,1
gene_2297046,1
5-7_GL0073929,1
gene_4389251,1
gene_4636489,1
gene_3381016,1
gene_4072462,1
gene_4042970,1
10_GL0030384,1
gene_3789572,1
gene_1781232,1
gene_4544036,1
gene_4002540,1
gene_2921893,1
gene_4358234,1
gene_3962135,1
gene_3140899,1
gene_4003020,1
gene_3803619,1
gene_4562489,1
gene_3757831,1
gene_3326751,1
gene_4129452,1
5-5_GL0108381,1
gene_3911161,1
gene_2602158,1
gene_3742160,1
gene_4000597,1
gene_4596786,1
gene_4129450,1
gene_4560064,1
gene_4614716,1
gene_2685319,1
gene_4234829,1
gene_3062707,1
gene_3982069,1
gene_4320490,1
gene_3429228,1
6-7_GL0076202,1
gene_552899,1
gene_3063309,1
gene_3762615,1
gene_3346407,1
gene_3555855,1
gene_4396848,1
gene_4189624,1
gene_3639907,1
gene_4433177,1
10_GL0030164,1
gene_2190877,1
gene_3811207,1
gene_3531601,1
gene_2868138,1
gene_1213688,1
gene_4354792,1
gene_2836942,1
Food_9_GL0258854,1
gene_3814915,1
gene_4292765,1
gene_3500394,1
gene_2829020,1
gene_4550717,1
gene_4284862,1
gene_4449834,1
gene_4347865,1
gene_4288547,1
G1-8A_GL0135209,1
gene_4224226,1
gene_2377480,1
gene_2312222,1
gene_2240180,1
gene_4358498,1
gene_4394037,1
gene_3857562,1
gene_4361594,1
gene_3044543,1
gene_3877701,1
gene_2950319,1
gene_4254055,1
gene_3205265,1
gene_3198255,1
gene_3835962,1
gene_2607469,1
gene_3534484,1
gene_3665874,1
55_GL0085882,1
gene_3823971,1
gene_4152582,1
gene_2812615,1
gene_4590153,1
gene_3276317,1
gene_3933721,1
gene_3710019,1
gene_4634274,1
gene_3804082,1
gene_3572626,1
gene_2881089,1
gene_4195118,1
gene_3898932,1
gene_3040018,1
gene_4561018,1
gene_4598108,1
gene_2889106,1
gene_4507733,1
gene_4009460,1
gene_3324018,1
gene_4264402,1
gene_3476292,1
gene_4363988,1
gene_3769439,1
gene_3525876,1
gene_4211063,1
gene_4401327,1
gene_3133779,1
1-6_GL0102647,1
gene_4492634,1
gene_2656837,1
gene_1940569,1
gene_1048614,1
gene_3087962,1
gene_4238372,1
gene_4382851,1
gene_3644792,1
gene_3934589,1
gene_3068756,1
gene_4020244,1
gene_4443867,1
gene_3016708,1
gene_4014812,1
gene_4178509,1
gene_4530795,1
gene_2661289,1
gene_3367816,1
gene_3552823,1
gene_3175608,1
gene_4406327,1
gene_2860247,1
gene_3475817,1
gene_3671894,1
gene_1940291,1
gene_4430711,1
gene_4317126,1
gene_3895318,1
gene_4217653,1
gene_3207500,1
gene_3652932,1
gene_987169,1
gene_3792702,1
gene_3403900,1
gene_4484287,1
gene_4123037,1
gene_3612370,1
gene_4507528,1
gene_3539584,1
gene_3028667,1
gene_4155471,1
gene_2887008,1
gene_3713200,1
gene_3756110,1
gene_4542493,1
gene_4142611,1
gene_3075766,1
gene_4493345,1
gene_3860086,1
gene_3009973,1
gene_3755046,1
gene_2549734,1
gene_3792911,1
gene_2169039,1
gene_4011638,1
gene_2142802,1
gene_3328672,1
gene_1918150,1
gene_3957014,1
gene_3520012,1
gene_2799228,1
gene_1700664,1
gene_4186014,1
gene_4299530,1
gene_3415764,1
gene_3678197,1
gene_154116,1
gene_4083762,1
gene_3518863,1
gene_3793633,1
gene_4482080,1
gene_3645896,1
gene_4484355,1
gene_4505498,1
gene_4160267,1
gene_4600569,1
gene_3608942,1
gene_2107788,1
gene_2932293,1
gene_4284277,1
gene_3393195,1
gene_4476896,1
gene_4596724,1
gene_3895548,1
gene_3101528,1
gene_2828115,1
gene_2700601,1
gene_4517368,1
gene_2818499,1
S-Fe10_GL0182064,1
gene_2999740,1
gene_2667627,1
gene_4138768,1
gene_4246911,1
gene_4082230,1
gene_3796795,1
gene_3241074,1
gene_3881889,1
OB-1_5_GL0165597,1
gene_3606517,1
gene_4179829,1
gene_3263418,1
gene_3676506,1
gene_3116112,1
NZ_KE383895.1_cds_WP_035023117.1_308,1
2-4_GL0090039,1
gene_3671966,1
gene_4177818,1
gene_3741638,1
gene_3652183,1
gene_4365188,1
gene_3151155,1
gene_3821492,1
gene_3161302,1
gene_3696849,1
gene_3581387,1
gene_2396240,1
gene_4592938,1
gene_4053946,1
gene_4128181,1
gene_3153776,1
gene_928672,1
gene_2876689,1
gene_3584678,1
gene_4629269,1
gene_2424477,1
gene_4577611,1
gene_3043654,1
gene_4323300,1
gene_3795821,1
gene_4600943,1
gene_3961490,1
gene_4211151,1
gene_4190165,1
gene_2980746,1
gene_4162467,1
gene_4076029,1
gene_3394604,1
gene_3267049,1
gene_2360219,1
gene_4474672,1
gene_4424851,1
gene_3371798,1
gene_4547668,1
gene_4408231,1
gene_3095831,1
gene_4605576,1
gene_3834127,1
gene_2858405,1
gene_4368740,1
gene_3440399,1
gene_4357503,1
gene_3974755,1
gene_3370519,1
gene_4441329,1
gene_3843421,1
gene_4409705,1
2-2_GL0104485,1
gene_3572270,1
gene_4400752,1
gene_2234291,1
gene_4129260,1
gene_3546949,1
gene_3150722,1
gene_4294104,1
gene_3942645,1
gene_4334887,1
gene_3190721,1
gene_4105439,1
gene_4327359,1
gene_3349576,1
gene_3704049,1
gene_3767277,1
gene_3294182,1
gene_3253523,1
gene_4225290,1
gene_1801276,1
gene_3999384,1
gene_4588581,1
gene_3524632,1
gene_2813699,1
gene_4542973,1
8-8_GL0056746,1
gene_3473973,1
gene_3588025,1
gene_4212506,1
gene_4585172,1
gene_4263079,1
gene_4140997,1
gene_1454861,1
gene_2869454,1
gene_3750424,1
gene_2603962,1
gene_2947796,1
gene_3171482,1
gene_4330656,1
gene_4280503,1
gene_3196510,1
gene_3392844,1
gene_2687884,1
gene_2990701,1
S-Fe20_GL0085708,1
gene_3879375,1
gene_3886514,1
gene_3677106,1
gene_3509037,1
gene_2809737,1
gene_3836992,1
gene_3004594,1
gene_4251561,1
gene_4194898,1
gene_3610718,1
gene_3395479,1
gene_3492039,1
gene_3373833,1
gene_2449160,1
gene_4008228,1
gene_4432531,1
gene_2797751,1
gene_3638534,1
gene_3428134,1
gene_2295682,1
gene_4401527,1
gene_3301069,1
gene_4617478,1
gene_2531775,1
gene_2837455,1
gene_3838993,1
gene_2269589,1
gene_3834529,1
gene_3714769,1
gene_4202548,1
gene_3949403,1
gene_4097615,1
gene_3530216,1
gene_3913323,1
gene_3699824,1
gene_3221598,1
gene_3559657,1
gene_4047839,1
10_GL0068712,1
gene_3422587,1
gene_3602324,1
4-8_GL0043949,1
gene_3183351,1
gene_4369001,1
gene_2499333,1
gene_4515924,1
gene_4073407,1
2A-dyr13-07_GL0012118,1
gene_3833457,1
gene_4234652,1
gene_4443431,1
gene_4100565,1
gene_3472267,1
gene_3216891,1
gene_2973886,1
gene_1899898,1
gene_2726499,1
gene_3320437,1
gene_3170903,1
gene_3862499,1
gene_4047746,1
gene_3555481,1
gene_3274736,1
gene_4383866,1
gene_3216144,1
gene_3027287,1
gene_3433508,1
gene_2553077,1
gene_4249341,1
gene_4379813,1
gene_3449099,1
gene_3938333,1
gene_3732560,1
gene_3872749,1
gene_3214413,1
gene_3897284,1
gene_2762264,1
gene_4395115,1
gene_4268605,1
gene_3742890,1
MH-6-5_GL0145603,1
gene_3685473,1
gene_875185,1
gene_3256723,1
gene_3738286,1
gene_4343858,1
gene_4253897,1
gene_2531022,1
gene_3725905,1
gene_3644271,1
gene_4356648,1
gene_2978161,1
gene_3938372,1
gene_2967394,1
gene_4245869,1
gene_4472929,1
gene_2346532,1
gene_3312933,1
gene_2409570,1
gene_4209560,1
gene_4068224,1
gene_3693336,1
gene_4358049,1
gene_4082551,1
gene_2862086,1
gene_2146578,1
gene_3614906,1
gene_2719079,1
2A-dyr13-07_GL0028261,1
gene_4305779,1
gene_4428675,1
gene_4408334,1
gene_4463400,1
gene_3591157,1
gene_2842182,1
gene_2042041,1
gene_2682363,1
gene_3167806,1
gene_3867902,1
gene_1567482,1
gene_4160011,1
gene_3425220,1
gene_4180709,1
gene_4331532,1
gene_4207244,1
gene_3034947,1
gene_3520600,1
gene_4437571,1
gene_2772779,1
gene_1752116,1
gene_4360500,1
gene_3808995,1
gene_3641544,1
gene_4638777,1
gene_4386751,1
gene_4413471,1
gene_4074361,1
gene_4433557,1
gene_3881119,1
gene_2861157,1
gene_2464526,1
gene_3385133,1
gene_1469143,1
gene_4402626,1
gene_3964926,1
gene_4424368,1
gene_3640849,1
gene_3743054,1
gene_3611764,1
gene_3985276,1
gene_2827251,1
gene_3816028,1
gene_3653754,1
gene_2419212,1
gene_2837186,1
gene_3077064,1
gene_4134912,1
gene_3564344,1
gene_3281280,1
gene_4478673,1
gene_3867100,1
gene_4458682,1
gene_3732045,1
gene_3319438,1
gene_2077035,1
MC-6-2_GL0164600,1
gene_3685046,1
gene_3354070,1
gene_4393025,1
gene_3215529,1
gene_3229333,1
gene_4225353,1
gene_4516861,1
gene_4060473,1
gene_2637268,1
gene_3081764,1
gene_3572577,1
gene_3782569,1
gene_2404905,1
gene_2605639,1
gene_4575276,1
gene_2932091,1
gene_2966572,1
gene_3202973,1
gene_3379806,1
gene_4153162,1
gene_2780731,1
gene_2162937,1
10_GL0072684,1
gene_3458380,1
gene_4092633,1
gene_2278439,1
gene_4229073,1
gene_4296242,1
gene_3760653,1
gene_3685538,1
gene_4587237,1
gene_4373724,1
gene_4638662,1
gene_2536862,1
AF73-05_11_GL0219461,1
gene_2924927,1
gene_4204106,1
gene_3457038,1
gene_3742307,1
gene_4461140,1
gene_2370194,1
gene_4061258,1
gene_4069411,1
gene_3902351,1
gene_3889671,1
gene_3550154,1
gene_4121367,1
S-Fe10_GL0017513,1
1-1_GL0070642,1
gene_2671156,1
gene_3090225,1
gene_3076461,1
gene_4311179,1
gene_4431048,1
gene_3847615,1
8-5_GL0012846,1
gene_3019455,1
gene_4319723,1
gene_3969731,1
gene_3689093,1
gene_3860563,1
gene_3297512,1
gene_3491101,1
gene_4246641,1
gene_3855592,1
gene_3461012,1
gene_3441556,1
gene_3625422,1
gene_3316936,1
gene_2981378,1
gene_4250146,1
gene_2292666,1
gene_4229695,1
gene_3364528,1
gene_3441893,1
gene_3937222,1
gene_3031432,1
gene_2497113,1
gene_2773820,1
gene_2955844,1
gene_3534232,1
Food_1_GL0305935,1
gene_3173208,1
gene_3619032,1
G1-2A_GL0062070,1
gene_4563543,1
gene_4465481,1
gene_3404180,1
gene_3357530,1
gene_3716296,1
gene_4515166,1
S-Fe8_GL0147475,1
gene_3504349,1
gene_3547473,1
gene_4486187,1
HF-F_2_GL0263197,1
gene_3041866,1
gene_4303281,1
gene_4136664,1
gene_3924703,1
gene_4491244,1
1A-dyr2-07_GL0064429,1
gene_3382587,1
gene_4198024,1
gene_4638725,1
gene_3455440,1
gene_3374257,1
gene_4319109,1
gene_4384145,1
gene_3989053,1
7_GL0076869,1
gene_4163363,1
gene_4049906,1
gene_3979557,1
gene_2368875,1
gene_4036730,1
gene_2326519,1
gene_4534753,1
gene_4390198,1
gene_4569908,1
gene_4151130,1
gene_779075,1
gene_4569473,1
gene_4319610,1
gene_4531346,1
gene_3816586,1
gene_4001109,1
gene_4010361,1
S-Fe16_GL0083790,1
gene_3798760,1
gene_3539511,1
gene_4484358,1
2A-dyr16-07_GL0071115,1
ERR1211980_Scaf92_3577,1
gene_4609369,1
gene_4455576,1
gene_4104471,1
gene_4144629,1
gene_2939985,1
gene_3878812,1
gene_2991918,1
gene_2673180,1
gene_4131437,1
gene_2151618,1
gene_3967725,1
gene_4262173,1
gene_3711130,1
gene_2151615,1
gene_4228479,1
gene_3728432,1
gene_3359402,1
Food_5_GL0235760,1
gene_2986131,1
gene_3532284,1
gene_3250849,1
gene_4549383,1
gene_3092365,1
gene_3157673,1
gene_4037619,1
gene_1026051,1
gene_4369169,1
10_GL0012991,1
gene_3470325,1
gene_3624974,1
gene_3039541,1
gene_4464254,1
gene_2809806,1
gene_3806411,1
gene_4586914,1
gene_1796314,1
gene_3084899,1
gene_2347533,1
gene_4364362,1
gene_2790530,1
gene_3712975,1
gene_4010422,1
gene_4243321,1
gene_4619676,1
gene_4531553,1
gene_3361479,1
gene_3535731,1
gene_4376617,1
gene_4638236,1
gene_2834885,1
gene_3215897,1
gene_4186986,1
gene_3851374,1
gene_2327618,1
gene_4118214,1
gene_3601511,1
gene_2263447,1
gene_3366688,1
gene_3810237,1
gene_4260569,1
gene_3484373,1
gene_3793643,1
gene_4473949,1
gene_2995163,1
gene_3524202,1
HF-F_10_GL0018063,1
gene_3102971,1
gene_3003808,1
gene_3750868,1
gene_4443335,1
gene_4489556,1
gene_3727813,1
gene_4606480,1
gene_3484987,1
gene_4139271,1
gene_3734259,1
gene_3795383,1
gene_4307238,1
gene_4481119,1
gene_4106768,1
gene_4042065,1
gene_3618685,1
gene_3143730,1
gene_2569711,1
gene_4298329,1
gene_2969929,1
gene_3300277,1
gene_3690533,1
gene_4277680,1
gene_3468077,1
gene_4090407,1
OB-1_11_GL0009868,1
Chow_5_GL0340321,1
gene_4034179,1
gene_4332995,1
gene_861351,1
gene_3954572,1
gene_4436633,1
gene_3305297,1
gene_3301025,1
gene_4354837,1
gene_2728760,1
11_GL0076861,1
gene_1465189,1
gene_4426737,1
gene_4258353,1
gene_3909959,1
gene_3759517,1
gene_1178055,1
gene_3785480,1
gene_4555429,1
gene_3573307,1
gene_2548247,1
gene_2688644,1
gene_3582919,1
4-5_GL0091305,1
gene_4048060,1
gene_2669853,1
gene_4173994,1
gene_3150459,1
gene_4029891,1
gene_3529996,1
gene_4421390,1
DSM22607_6_GL0106470,1
gene_3242315,1
gene_4234635,1
gene_4185794,1
gene_2793434,1
gene_2735627,1
gene_4543763,1
gene_3729199,1
4-4_GL0033905,1
gene_3326742,1
gene_3743448,1
gene_3358257,1
gene_4416871,1
gene_3388057,1
gene_3877834,1
gene_4102881,1
gene_2662334,1
gene_4026027,1
gene_3400517,1
gene_4108364,1
gene_3716397,1
gene_2414651,1
G1-3A_GL0067404,1
gene_3425341,1
gene_3560326,1
gene_3105337,1
gene_2579050,1
gene_3944218,1
gene_3963625,1
gene_4552513,1
gene_4461077,1
gene_3553095,1
gene_3303656,1
gene_4026989,1
gene_3596976,1
gene_3045788,1
gene_3976495,1
gene_2752419,1
gene_4159811,1
gene_3757706,1
gene_3801453,1
gene_3640878,1
gene_3058563,1
gene_3454445,1
gene_2727057,1
gene_4327003,1
gene_3608826,1
gene_3553754,1
gene_3488195,1
gene_2828709,1
gene_4629996,1
gene_4476676,1
gene_4408455,1
gene_3561937,1
gene_3220066,1
gene_3869569,1
gene_4621921,1
gene_2916023,1
gene_2395390,1
gene_2854885,1
gene_3519214,1
gene_2485488,1
gene_3545693,1
gene_3650879,1
gene_4357577,1
gene_2775301,1
gene_4183034,1
gene_3798036,1
gene_4386921,1
gene_4114514,1
gene_3969827,1
gene_4639568,1
gene_4096689,1
gene_2764381,1
gene_2739144,1
gene_4186306,1
gene_3601512,1
gene_3711877,1
gene_3933690,1
gene_3388370,1
gene_3274873,1
gene_2849555,1
gene_4581965,1
gene_4517956,1
gene_3667865,1
gene_4415342,1
gene_3709526,1
gene_2897597,1
gene_4473594,1
gene_3808129,1
gene_3600873,1
gene_4151559,1
gene_4402157,1
gene_3594988,1
gene_4311113,1
gene_2822827,1
gene_3874140,1
gene_3380442,1
gene_3617946,1
gene_4378105,1
gene_4536319,1
gene_4011025,1
gene_3430428,1
gene_2915922,1
gene_4216959,1
gene_2491615,1
gene_4360489,1
gene_3224697,1
gene_4445420,1
3-2_GL0074835,1
gene_4252964,1
gene_3994211,1
gene_4596698,1
gene_4121640,1
gene_4340244,1
gene_4285893,1
Chow_5_GL0240029,1
gene_3442325,1
10_GL0002262,1
gene_4144035,1
gene_3660221,1
gene_3885237,1
NZ_RAZG01000034.1_cds_WP_120408586.1_2622,1
gene_2984849,1
gene_4400124,1
gene_4510405,1
gene_3360411,1
gene_3213927,1
gene_3752232,1
gene_3843153,1
gene_3699704,1
gene_4536481,1
gene_3050990,1
gene_3707794,1
gene_2519504,1
gene_3458211,1
gene_3870635,1
gene_3616543,1
gene_3202073,1
gene_3892441,1
gene_2376291,1
gene_4204042,1
gene_2397542,1
gene_3863505,1
gene_3349351,1
gene_4191998,1
gene_3822878,1
gene_3479290,1
gene_2819434,1
gene_4456646,1
Chow_2_GL0111109,1
gene_3580368,1
gene_2476695,1
gene_1733812,1
gene_4388559,1
gene_3654269,1
gene_2555989,1
gene_4586758,1
gene_3975038,1
gene_3826802,1
gene_3878750,1
13_GL0010627,1
gene_2134450,1
gene_3245171,1
G1-6A_GL0032350,1
gene_3348938,1
gene_3345994,1
gene_3380692,1
gene_4388943,1
gene_4158395,1
gene_2904848,1
gene_3831922,1
gene_3939433,1
gene_4534843,1
gene_3823081,1
gene_4059476,1
gene_4046547,1
gene_4569357,1
gene_1875934,1
gene_4494365,1
gene_3804063,1
gene_2649628,1
gene_3064483,1
gene_4532081,1
gene_2234702,1
gene_3899011,1
gene_3463823,1
gene_4295142,1
gene_4378094,1
gene_4157296,1
gene_2568666,1
gene_3553931,1
gene_3012547,1
gene_2449936,1
gene_3375289,1
gene_3159271,1
gene_3509822,1
gene_3533882,1
gene_3487916,1
gene_4449852,1
gene_4275333,1
gene_3708083,1
gene_3466844,1
gene_3048523,1
gene_3199115,1
gene_4165415,1
gene_3518294,1
gene_4098128,1
gene_2976238,1
gene_3916214,1
gene_3481631,1
gene_3346553,1
gene_3548948,1
gene_3894916,1
gene_4236258,1
gene_2119398,1
gene_4511462,1
gene_2674943,1
gene_2583947,1
gene_2430609,1
gene_3166830,1
gene_3499832,1
gene_2010730,1
gene_3459253,1
gene_4076305,1
gene_2827598,1
2-3_GL0033100,1
gene_3863514,1
gene_3059444,1
gene_3237699,1
gene_3614015,1
gene_3221168,1
gene_4072347,1
NZ_NHMT01000001.1_cds_WP_065533514.1_989,1
gene_3427369,1
gene_4278417,1
gene_3426511,1
gene_4393291,1
gene_4216189,1
gene_3643488,1
gene_2483710,1
gene_3341701,1
gene_2102129,1
gene_4578197,1
gene_4373837,1
gene_3574934,1
gene_2743376,1
gene_4095607,1
gene_2411279,1
gene_3704689,1
43_GL0023961,1
gene_2568249,1
gene_4331249,1
gene_4045684,1
gene_4139372,1
gene_4491411,1
gene_3088851,1
gene_2081048,1
gene_3796308,1
2A-dyr16-06_GL0035987,1
gene_4047924,1
gene_4256436,1
gene_2620529,1
gene_4429379,1
2A-dyr16-07_GL0018360,1
gene_3608298,1
gene_4635455,1
gene_3773619,1
38_GL0007815,1
gene_2515316,1
gene_2884525,1
gene_4166332,1
gene_3584275,1
gene_4362189,1
gene_4050007,1
gene_3178011,1
gene_3734374,1
gene_4310559,1
gene_3442055,1
gene_3024493,1
gene_3133334,1
gene_3957961,1
gene_4077093,1
gene_3795886,1
gene_3912295,1
gene_4003409,1
gene_3669243,1
gene_3178806,1
gene_3199894,1
gene_4196755,1
gene_2794069,1
gene_4363227,1
gene_3185662,1
gene_2682172,1
Food_14_GL0302855,1
gene_2743556,1
gene_3839962,1
gene_4428554,1
gene_3345439,1
gene_3486945,1
gene_3564207,1
gene_4179231,1
gene_3542934,1
gene_4577918,1
gene_4438439,1
gene_3800076,1
gene_4360450,1
gene_4449780,1
10_GL0063224,1
gene_2774137,1
gene_4458290,1
gene_3210285,1
gene_4036882,1
gene_4632940,1
gene_3835045,1
gene_2614052,1
gene_3639869,1
gene_3501060,1
gene_1862063,1
gene_4207813,1
gene_4592992,1
gene_3841192,1
gene_4561792,1
gene_3567440,1
gene_3941248,1
gene_4215018,1
gene_2404970,1
gene_3995735,1
gene_3330979,1
gene_2997683,1
gene_3845336,1
gene_4060619,1
gene_3997735,1
gene_3651271,1
gene_4153531,1
2A-dyr13-07_GL0041288,1
gene_1647113,1
gene_4123423,1
8-6_GL0076330,1
gene_3987269,1
