seqid,Otu87,Otu1,Otu9,Otu2,Otu25,Otu7,Otu8,Otu21,Otu27,Otu514,Otu6,Otu4,Otu10,Otu30,Otu71,Otu312,Otu253,Otu15,Otu18,Otu40,Otu111,Otu16,Otu17,Otu3,Otu136,Otu314,Otu34,Otu22,Otu53,Otu13,Otu546,Otu5,Otu130,Otu137,Otu26,Otu46,Otu99,Otu286,Otu94,Otu43,Otu104,Otu14,Otu247,Otu12,Otu11,Otu52,Otu51,Otu102,Otu361,Otu54,Otu411,Otu49,Otu57,Otu146,Otu24,Otu23,Otu91,Otu80,Otu236,Otu384,Otu42,Otu75,Otu294,Otu230,Otu68,Otu96,Otu583,Otu334,Otu28,Otu19,Otu260,Otu59,Otu158,Otu100,Otu50,Otu199,Otu180,Otu88,Otu90,Otu37,Otu116,Otu490,Otu316,Otu86,Otu706,Otu845,Otu65,Otu212,Otu95,Otu201,Otu135,Otu81,Otu112,Otu719,Otu908,Otu177,Otu61,Otu101,Otu64,Otu20,Otu210,Otu39,Otu31,Otu189,Otu246,Otu467,Otu157,Otu564,Otu66,Otu36,Otu520,Otu78,Otu56,Otu160,Otu909,Otu107,Otu281,Otu128,Otu350,Otu67,Otu207,Otu139,Otu121,Otu202,Otu707,Otu471,Otu63,Otu110,Otu833,Otu226,Otu382,Otu259,Otu219,Otu103,Otu321,Otu897,Otu227,Otu106,Otu302,Otu127,Otu124,Otu120,Otu900,Otu32,Otu369,Otu859,Otu98,Otu170,Otu560,Otu320,Otu349,Otu138,Otu701,Otu717,Otu213,Otu435,Otu55,Otu450,Otu496,Otu827,Otu92,Otu567,Otu559,Otu185,Otu562,Otu711,Otu270,Otu83,Otu518,Otu234,Otu182,Otu296,Otu362,Otu510,Otu386,Otu249,Otu235,Otu368,Otu133,Otu832,Otu156,Otu282,Otu911,Otu387,Otu84,Otu275,Otu129,Otu643,Otu709,Otu245,Otu274,Otu452,Otu380,Otu381,Otu324,Otu187,Otu229,Otu159,Otu176,Otu475,Otu500,Otu122,Otu373,Otu162,Otu656,Otu336,Otu183,Otu409,Otu216,Otu903,Otu113,Otu228,Otu477,Otu206,Otu898,Otu62,Otu861,Otu394,Otu171,Otu440,Otu152,Otu557,Otu191,Otu172,Otu276,Otu712,Otu392,Otu150,Otu733,Otu109,Otu775,Otu400,Otu174,Otu192,Otu835,Otu237,Otu301,Otu521,Otu476,Otu196,Otu348,Otu862,Otu311,Otu527,Otu886,Otu223,Otu503,Otu934,Otu478,Otu241,Otu879,Otu175,Otu543,Otu306,Otu205,Otu186,Otu412,Otu181,Otu762,Otu436,Otu720,Otu363,Otu507,Otu255,Otu854,Otu479,Otu190,Otu533,Otu561,Otu292,Otu721,Otu169,Otu367,Otu298,Otu878,Otu534,Otu548,Otu208,Otu537,Otu232,Otu211,Otu725,Otu491,Otu390,Otu209,Otu426,Otu676,Otu874,Otu663,Otu125,Otu536,Otu147,Otu727,Otu640,Otu429,Otu480,Otu922,Otu501,Otu928,Otu376,Otu799,Otu396,Otu419,Otu569,Otu836,Otu857,Otu327,Otu600,Otu145,Otu779,Otu869,Otu535,Otu413,Otu524,Otu442,Otu284,Otu544,Otu753,Otu578,Otu688,Otu508,Otu932,Otu279,Otu225,Otu407,Otu576,Otu76,Otu231,Otu325,Otu591,Otu168,Otu553,Otu308,Otu416,Otu44,Otu167,Otu161,Otu131,Otu608,Otu243,Otu293,Otu594,Otu592,Otu610,Otu581,Otu371,Otu248,Otu763,Otu777,Otu691,Otu790,Otu58,Otu499,Otu731,Otu402,Otu70,Otu45,Otu431,Otu142,Otu35,Otu504,Otu143,Otu470,Otu38,Otu417,Otu482,Otu461,Otu203,Otu333,Otu393,Otu598,Otu93,Otu89,Otu79,Otu385,Otu489,Otu355,Otu354,Otu465,Otu492,Otu352,Otu326,Otu251,Otu115,Otu856,Otu300,Otu340,Otu604,Otu445,Otu638,Otu786,Otu625,Otu645,Otu528,Otu408,Otu322,Otu60,Otu267,Otu198,Otu379,Otu768,Otu851,Otu683,Otu343,Otu682,Otu359,Otu668,Otu351,Otu704,Otu446,Otu269,Otu424,Otu347,Otu566,Otu751,Otu627,Otu618,Otu826,Otu438,Otu288,Otu867,Otu830,Otu511,Otu685,Otu295,Otu636,Otu401,Otu337,Otu749,Otu754,Otu689,Otu73,Otu729,Otu358,Otu195,Otu906,Otu285,Otu154,Otu331,Otu439,Otu345,Otu357,Otu637,Otu595,Otu338,Otu523,Otu215,Otu239,Otu374,Otu622,Otu474,Otu738,Otu930,Otu444,Otu463,Otu740,Otu494,Otu291,Otu552,Otu406,Otu585,Otu420,Otu437,Otu498,Otu542,Otu271,Otu568,Otu695,Otu788,Otu464,Otu432,Otu889,Otu197,Otu575,Otu265,Otu759,Otu313,Otu466,Otu657,Otu821,Otu670,Otu165,Otu532,Otu525,Otu864,Otu117,Otu252,Otu488,Otu910,Otu808,Otu902,Otu421,Otu506,Otu430,Otu458,Otu459,Otu708,Otu783,Otu829,Otu767,Otu457,Otu280,Otu153,Otu547,Otu791,Otu904,Otu813,Otu805,Otu807,Otu403,Otu757,Otu797,Otu378,Otu455,Otu677,Otu250,Otu558,Otu448,Otu623,Otu803,Otu870,Otu860,Otu891,Otu764,Otu588,Otu512,Otu761,Otu699,Otu843,Otu705,Otu164,Otu577,Otu319,Otu573,Otu665,Otu782,Otu77,Otu681,Otu493,Otu166,Otu602,Otu687,Otu303,Otu603,Otu342,Otu875,Otu224,Otu484,Otu335,Otu483,Otu144,Otu680,Otu822,Otu149,Otu405,Otu823,Otu41,Otu626,Otu756,Otu785,Otu487,Otu617,Otu530,Otu850,Otu69,Otu589,Otu485,Otu519,Otu732,Otu631,Otu881,Otu776,Otu918,Otu632,Otu841,Otu621,Otu726,Otu770,Otu820,Otu921,Otu796,Otu554,Otu647,Otu899,Otu565,Otu739,Otu513,Otu220,Otu794,Otu802,Otu451,Otu907,Otu698,Otu838,Otu865,Otu825,Otu629,Otu772,Otu397,Otu97,Otu29,Otu268,Otu134,Otu123,Otu262,Otu616,Otu240,Otu651,Otu666,Otu364,Otu395,Otu880,Otu555,Otu723,Otu661,Otu242,Otu780,Otu730,Otu722,Otu641,Otu462,Otu613,Otu586,Otu468,Otu399,Otu671,Otu800,Otu222,Otu238,Otu893,Otu606,Otu370,Otu481,Otu658,Otu873,Otu522,Otu545,Otu654,Otu422,Otu662,Otu531,Otu105,Otu659,Otu580,Otu734,Otu410,Otu539,Otu660,Otu609,Otu646,Otu389,Otu582,Otu925,Otu924,Otu644,Otu256,Otu48,Otu755,Otu901,Otu746,Otu453,Otu360,Otu628,Otu516,Otu690,Otu929,Otu876,Otu318,Otu353,Otu540,Otu233,Otu811,Otu497,Otu642,Otu178,Otu344,Otu747,Otu607,Otu655,Otu812,Otu330,Otu815,Otu423,Otu289,Otu919,Otu151,Otu571,Otu173,Otu339,Otu810,Otu809,Otu648,Otu923,Otu538,Otu765,Otu601,Otu365,Otu931,Otu744,Otu264,Otu801,Otu868,Otu853,Otu714,Otu778,Otu798,Otu404,Otu792,Otu526,Otu702,Otu915,Otu194,Otu425,Otu620,Otu669,Otu787,Otu179,Otu895,Otu842,Otu872,Otu356,Otu814,Otu784,Otu193,Otu664,Otu863,Otu818,Otu917,Otu748,Otu692,Otu310,Otu789,Otu882,Otu47,Otu434,Otu650,Otu866,Otu758,Otu697,Otu456,Otu693,Otu743,Otu261,Otu817,Otu33,Otu132,Otu82,Otu793,Otu85,Otu388,Otu433,Otu398,Otu148,Otu200,Otu315,Otu126,Otu163,Otu188,Otu795,Otu551,Otu218,Otu155,Otu184,Otu204,Otu766,Otu469,Otu108,Otu266,Otu119,Otu667,Otu710,Otu257,Otu254,Otu328,Otu847,Otu244,Otu377,Otu597,Otu653,Otu297,Otu703,Otu443,Otu927,Otu221,Otu258,Otu673,Otu273,Otu317,Otu837,Otu418,Otu428,Otu834,Otu760,Otu769,Otu728,Otu141,Otu574,Otu750,Otu916,Otu415,Otu846,Otu495,Otu391,Otu118,Otu855,Otu816,Otu686,Otu323,Otu877,Otu804,Otu473,Otu515,Otu819,Otu214,Otu307,Otu840,Otu696,Otu584,Otu304,Otu913,Otu570,Otu715,Otu852,Otu858,Otu427,Otu914,Otu679,Otu888,Otu277,Otu572,Otu824,Otu716,Otu912,Otu933,Otu615,Otu605,Otu587,Otu633,Otu806,Otu140,Otu871,Otu831,Otu635,Otu905,Otu896,Otu263,Otu593,Otu639,Otu745,Otu114,Otu649,Otu329,Otu375,Otu894,Otu217,Otu892,Otu549,Otu844,Otu332,Otu675,Otu890,Otu884,Otu505,Otu920,Otu509,Otu781,Otu630,Otu883,Otu718,Otu684,Otu612,Otu828,Otu290,Otu611,Otu887,Otu441,Otu700,Otu556,Otu366,Otu741,Otu550,Otu563,Otu517,Otu486,Otu449,Otu674,Otu885,Otu752,Otu346,Otu839,Otu341,Otu599,Otu735,Otu72,Otu774,Otu287,Otu305,Otu624,Otu447,Otu737,Otu742,Otu590,Otu619,Otu278,Otu460,Otu372,Otu472,Otu414,Otu272,Otu283,Otu634,Otu848,Otu502,Otu849,Otu713,Otu652,Otu773,Otu541,Otu672,Otu579,Otu74
Env2Jax-1,25,779,729,2053,78,342,479,115,115,8,450,968,125,197,24,14,14,47,189,890,13,260,163,553,5,19,304,85,55,197,2,6,14,21,99,63,7,6,12,50,16,135,2,133,42,36,68,8,1,86,9,53,21,5,1,73,83,24,5,7,49,15,7,14,26,10,2,2,78,75,3,29,21,32,42,8,11,7,17,42,12,1,5,6,5,3,18,9,16,9,2,39,16,1,3,5,27,2,24,19,12,32,15,10,8,12,2,1,33,6,1,9,31,1,1,4,6,4,1,19,6,12,11,12,2,1,1,6,1,8,2,1,12,5,6,3,6,14,4,8,2,9,1,7,2,1,5,5,3,4,3,5,3,2,7,1,23,2,2,1,9,2,1,3,1,2,4,9,6,9,14,5,1,1,3,1,14,5,12,1,2,2,2,7,15,2,11,1,1,5,3,1,3,1,2,2,8,1,3,3,2,2,1,17,2,1,5,5,2,2,5,5,1,4,3,1,4,3,1,2,7,2,4,3,4,5,1,2,3,2,1,6,1,6,1,2,1,1,1,2,1,4,2,1,1,1,2,1,2,1,1,1,1,2,4,1,1,1,1,1,1,2,1,5,1,1,1,1,1,1,3,4,2,2,1,1,1,2,3,3,1,1,1,1,2,1,1,1,2,1,1,1,1,2,1,1,1,1,1,1,1,1,1,2,1,1,2,1,1,2,1,1,1,1,2,2,1,1,4,1,1,1,1,1,2,1,1,1,2,1,1,1,3,1,1,1,1,1,1,1,2,1,1,1,1,1,2,1,2,2,1,1,1,1,2,0,0,0,0,0,0,0,0,0,0,0,0,0,0,0,0,0,0,0,0,0,0,0,0,0,0,0,0,0,0,0,0,0,0,0,0,0,0,0,0,0,0,0,0,0,0,0,0,0,0,0,0,0,0,0,0,0,0,0,0,0,0,0,0,0,0,0,0,0,0,0,0,0,0,0,0,0,0,0,0,0,0,0,0,0,0,0,0,0,0,0,0,0,0,0,0,0,0,0,0,0,0,0,0,0,0,0,0,0,0,0,0,0,0,0,0,0,0,0,0,0,0,0,0,0,0,0,0,0,0,0,0,0,0,0,0,0,0,0,0,0,0,0,0,0,0,0,0,0,0,0,0,0,0,0,0,0,0,0,0,0,0,0,0,0,0,0,0,0,0,0,0,0,0,0,0,0,0,0,0,0,0,0,0,0,0,0,0,0,0,0,0,0,0,0,0,0,0,0,0,0,0,0,0,0,0,0,0,0,0,0,0,0,0,0,0,0,0,0,0,0,0,0,0,0,0,0,0,0,0,0,0,0,0,0,0,0,0,0,0,0,0,0,0,0,0,0,0,0,0,0,0,0,0,0,0,0,0,0,0,0,0,0,0,0,0,0,0,0,0,0,0,0,0,0,0,0,0,0,0,0,0,0,0,0,0,0,0,0,0,0,0,0,0,0,0,0,0,0,0,0,0,0,0,0,0,0,0,0,0,0,0,0,0,0,0,0,0,0,0,0,0,0,0,0,0,0,0,0,0,0,0,0,0,0,0,0,0,0,0,0,0,0,0,0,0,0,0,0,0,0,0,0,0,0,0,0,0,0,0,0,0,0,0,0,0,0,0,0,0,0,0,0,0,0,0,0,0,0,0,0,0,0,0,0,0,0,0,0,0,0,0,0,0,0,0,0,0,0,0,0,0,0,0,0,0,0,0,0,0,0,0,0,0,0,0,0,0,0,0,0,0,0,0,0,0,0,0,0,0,0,0,0,0,0,0,0,0,0,0,0,0,0,0,0,0,0,0,0,0,0,0,0,0,0,0,0,0,0,0,0,0,0,0,0,0,0,0,0,0,0,0,0,0,0,0,0,0,0,0,0,0,0,0,0,0,0,0,0,0,0,0,0,0,0,0,0,0,0,0,0,0,0,0,0,0,0,0,0,0,0,0,0,0,0,0,0,0,0,0,0,0,0,0,0,0,0,0,0,0,0,0,0,0,0,0,0,0,0,0,0,0,0,0,0,0,0,0,0,0,0,0,0,0,0,0,0,0,0,0,0,0,0,0,0,0
Env2Jax-2,236,4288,1687,146,263,1335,1493,293,606,0,1207,1365,1676,343,93,11,0,129,585,0,42,573,484,2423,0,0,1,0,0,1064,4,0,0,19,0,149,64,9,94,171,1,274,0,1123,531,111,0,15,0,72,0,156,104,48,463,97,0,0,22,11,0,6,3,58,261,29,0,2,610,0,0,180,79,104,224,26,53,305,60,644,22,8,14,335,0,0,0,2,58,32,24,259,61,0,0,78,265,13,226,433,0,131,271,17,0,0,41,0,142,480,0,68,84,0,0,11,2,58,6,244,1,53,68,62,0,20,232,1,0,82,4,12,54,49,0,0,0,104,26,0,0,0,0,0,0,0,52,49,0,0,10,39,1,0,77,0,217,24,6,0,2,19,2,41,0,0,47,34,0,12,19,0,1,0,3,0,0,0,49,0,0,17,0,20,5,1,0,2,0,0,4,0,8,0,5,1,0,37,56,1,0,20,4,262,3,4,55,9,153,0,5,134,6,11,3,7,0,8,11,30,38,0,4,49,0,0,0,26,0,18,0,3,33,0,0,1,14,0,5,2,0,0,0,10,0,0,17,1,0,11,0,0,3,2,0,20,7,31,0,31,0,0,6,20,0,9,0,0,4,27,0,27,2,2,0,0,0,36,0,109,16,0,5,10,0,0,0,0,2,12,0,20,0,0,8,0,0,5,1,1,0,12,2,0,0,0,0,8,18,0,1,0,0,0,17,32,0,4,1,0,0,0,2,2,0,1,62,3,0,6,115,3,0,1,23,4,9,0,0,9,0,0,0,0,0,0,0,0,0,0,0,0,0,0,14,227,821,26,315,395,7,37,11,274,23,5,3,11,16,29,14,186,242,156,6,7,5,12,30,30,10,110,52,71,4,15,7,3,3,4,4,6,8,5,26,13,76,10,42,31,5,8,7,59,3,2,9,19,1,21,4,4,13,15,2,6,5,7,21,5,3,3,9,14,11,14,16,9,7,2,2,8,8,3,4,3,2,6,3,9,6,16,8,11,23,23,7,3,3,5,3,6,3,19,2,4,4,11,8,8,9,7,7,1,5,1,2,1,3,4,6,2,1,2,3,1,4,2,4,5,1,3,5,4,2,1,2,6,2,3,5,3,9,2,3,6,5,3,1,1,5,1,1,7,1,3,2,1,1,4,2,1,1,2,1,1,1,3,1,1,1,1,1,3,3,1,2,2,1,2,1,1,1,1,1,1,1,1,1,0,0,0,0,0,0,0,0,0,0,0,0,0,0,0,0,0,0,0,0,0,0,0,0,0,0,0,0,0,0,0,0,0,0,0,0,0,0,0,0,0,0,0,0,0,0,0,0,0,0,0,0,0,0,0,0,0,0,0,0,0,0,0,0,0,0,0,0,0,0,0,0,0,0,0,0,0,0,0,0,0,0,0,0,0,0,0,0,0,0,0,0,0,0,0,0,0,0,0,0,0,0,0,0,0,0,0,0,0,0,0,0,0,0,0,0,0,0,0,0,0,0,0,0,0,0,0,0,0,0,0,0,0,0,0,0,0,0,0,0,0,0,0,0,0,0,0,0,0,0,0,0,0,0,0,0,0,0,0,0,0,0,0,0,0,0,0,0,0,0,0,0,0,0,0,0,0,0,0,0,0,0,0,0,0,0,0,0,0,0,0,0,0,0,0,0,0,0,0,0,0,0,0,0,0,0,0,0,0,0,0,0,0,0,0,0,0,0,0,0,0,0,0,0,0,0,0,0,0,0,0,0,0,0,0,0,0,0,0,0,0,0,0,0,0,0,0,0,0,0,0,0,0,0,0,0,0,0,0,0,0,0,0,0,0,0,0,0,0,0,0,0,0,0,0,0,0,0,0,0,0,0,0,0,0,0,0,0,0,0,0,0,0,0,0,0,0,0,0,0,0,0,0,0,0,0,0,0,0,0,0,0,0,0,0,0,0,0,0,0,0,0,0,0,0,0,0,0,0,0,0,0,0,0,0,0,0,0,0,0,0,0,0,0,0,0,0,0,0,0,0,0,0,0,0,0,0,0,0,0,0,0,0,0,0,0,0,0,0,0,0,0,0,0,0,0,0,0,0,0,0,0
Env2Jax-4,3,9813,0,17786,89,2093,427,96,516,0,441,1228,894,174,546,0,102,40,238,0,53,748,842,2681,0,0,2,191,566,625,11,0,39,266,153,738,10,5,136,198,2,2521,0,536,68,846,556,65,0,615,0,634,161,40,694,1394,0,39,26,2,1307,61,31,33,366,17,0,0,906,1823,2,267,66,106,148,52,3,281,180,635,44,6,16,1,0,0,0,80,62,11,21,90,157,0,0,11,170,0,254,446,0,992,8,8,105,10,2,0,213,3,0,6,97,0,0,4,0,52,23,330,109,11,110,64,0,7,9,2,0,29,12,1,37,13,0,0,0,136,30,0,0,0,0,0,0,0,39,2,3,73,4,46,7,1,17,0,240,1,2,0,16,1,6,25,0,0,50,31,0,10,38,0,6,1,3,26,0,0,208,0,3,2,0,19,2,7,250,8,0,1,0,24,44,16,5,7,5,4,30,14,6,37,5,0,7,0,19,9,0,1,0,0,0,25,2,0,0,0,8,17,20,11,1,7,44,0,0,60,0,5,0,0,45,64,0,3,5,0,0,1,0,0,0,7,0,0,8,0,0,0,0,20,8,4,0,4,3,21,0,6,0,16,0,33,0,3,3,0,2,5,0,6,0,1,0,0,3,3,7,0,52,0,1,8,0,0,0,0,0,0,0,8,0,0,2,0,3,0,0,1,0,2,3,7,0,1,0,0,4,0,0,24,12,0,16,76,0,8,0,0,0,0,0,5,8,0,34,0,83,0,4,3,0,0,21,0,1,0,1,5,0,0,0,0,1,0,1,0,1,0,0,0,0,0,0,67,4,1,2,983,12,48,13,121,1,3,14,81,0,0,1,0,292,37,3,4,0,13,0,0,2,0,0,20,1,0,1,9,0,0,1,1,0,0,0,0,174,3,0,2,0,1,4,33,2,0,0,0,0,0,0,11,34,1,0,0,0,0,0,2,0,0,5,0,0,1,0,0,0,5,1,70,1,1,0,1,0,4,4,7,5,4,3,0,6,11,16,2,30,2,0,3,0,6,5,0,2,1,0,1,0,0,6,5,2,13,2,0,0,0,8,3,0,1,2,0,0,12,0,0,1,7,3,1,1,1,3,0,0,6,0,0,32,2,4,0,0,0,0,3,0,0,4,8,0,0,0,0,0,8,0,0,1,4,0,52,0,10,0,0,0,0,1,0,6,0,4,0,1,0,2,0,22,6,2,1,0,2,0,55,1,20,11,4,8,3,62,31,12,56,141,3,9,26,7,2,58,5,16,9,27,15,7,3,14,6,5,1,1,3,3,1,3,2,4,1,1,1,1,1,1,2,2,1,5,2,3,2,1,2,1,1,1,1,5,3,3,2,1,0,0,0,0,0,0,0,0,0,0,0,0,0,0,0,0,0,0,0,0,0,0,0,0,0,0,0,0,0,0,0,0,0,0,0,0,0,0,0,0,0,0,0,0,0,0,0,0,0,0,0,0,0,0,0,0,0,0,0,0,0,0,0,0,0,0,0,0,0,0,0,0,0,0,0,0,0,0,0,0,0,0,0,0,0,0,0,0,0,0,0,0,0,0,0,0,0,0,0,0,0,0,0,0,0,0,0,0,0,0,0,0,0,0,0,0,0,0,0,0,0,0,0,0,0,0,0,0,0,0,0,0,0,0,0,0,0,0,0,0,0,0,0,0,0,0,0,0,0,0,0,0,0,0,0,0,0,0,0,0,0,0,0,0,0,0,0,0,0,0,0,0,0,0,0,0,0,0,0,0,0,0,0,0,0,0,0,0,0,0,0,0,0,0,0,0,0,0,0,0,0,0,0,0,0,0,0,0,0,0,0,0,0,0,0,0,0,0,0,0,0,0,0,0,0,0,0,0,0,0,0,0,0,0,0,0,0,0,0,0,0,0,0,0,0,0,0,0,0,0,0,0,0,0,0,0,0,0,0,0,0,0,0,0,0,0,0,0,0,0,0,0,0,0,0,0,0,0,0,0,0,0,0,0,0,0,0,0,0,0,0,0,0,0,0,0,0,0,0,0,0,0,0,0,0,0,0,0,0,0,0,0,0,0,0,0,0,0,0,0,0,0
Env2Jax-3,165,2677,1967,754,356,1476,484,391,243,0,1941,1172,285,582,49,0,36,1172,523,300,16,612,625,2881,313,113,599,902,467,326,6,514,7,65,455,142,54,44,18,3,147,502,40,3035,44,129,124,85,9,197,22,360,238,33,154,420,234,143,18,4,433,156,61,52,44,444,21,0,158,867,22,120,102,126,164,50,28,91,97,330,131,10,15,58,5,1,423,39,36,94,88,0,70,0,0,17,136,39,92,281,141,156,484,1,37,0,24,8,139,36,10,79,63,1,8,118,24,43,44,0,122,113,62,33,14,4,0,138,13,7,15,23,59,182,0,1,52,55,10,302,0,227,5,1791,14,4,90,130,4,27,7,68,4,0,41,12,159,3,10,1,2,4,3,77,0,0,54,74,0,27,52,109,18,3,3,26,0,3,2,2,0,19,3,7,1,3,55,5,0,37,10,0,7,13,32,38,0,220,34,5,10,209,0,0,3,17,4,1,17,0,7,0,33,34,0,0,4,28,32,10,6,4,11,77,5,0,0,60,7,11,0,14,107,10,4,28,10,0,7,10,1,0,0,1,2,123,3,3,13,14,9,3,1,44,66,29,6,36,6,1,0,11,13,14,2,8,0,21,6,12,5,29,15,1,0,1,0,31,10,31,23,13,12,2,4,0,5,3,10,273,0,4,15,0,10,0,0,1,6,3,4,24,3,26,6,0,6,3,137,2,0,3,10,31,3,9,0,0,0,3,15,0,12,52,4,7,269,37,7,11,67,1,1,8,65,8,62,40,1,34,0,3,0,4,0,5,7,0,1,0,0,0,0,1,14,11,3,2,0,105,4,34,2,2,5,3,13,100,0,0,0,4,126,618,11,14,0,5,0,8,20,0,0,0,4,8,38,4,0,0,2,0,0,1,1,0,645,4,2,20,0,2,0,0,0,0,4,5,9,0,0,6,7,1,1,2,2,0,0,0,0,0,5,0,9,1,0,1,0,12,0,175,6,0,5,1,0,18,0,9,3,0,0,0,0,1,21,33,7,11,9,2,0,7,8,3,0,0,1,26,0,1,3,1,1,48,7,2,0,4,6,3,9,0,4,0,0,1,1,3,3,139,4,0,1,0,30,1,3,6,0,15,0,23,9,0,0,0,0,1,0,0,52,7,1,4,0,2,0,2,0,0,4,4,5,12,7,0,0,3,2,1,0,2,11,1,7,1,0,0,1,0,0,11,4,0,0,2,4,2,12,0,2,9,9,1,11,0,55,0,237,7,0,10,18,0,0,10,0,4,0,0,7,0,0,1,0,9,2,3,6,0,0,1,2,10,7,3,2,3,1,10,0,3,6,0,0,8,0,0,14,6,0,4,0,4,2,2,4,569,1864,139,230,393,88,31,167,16,5,61,39,1,12,11,17,95,3,8,7,6,3,2,2,50,73,20,6,27,12,10,18,15,19,9,6,36,41,21,42,21,17,26,26,15,16,33,42,5,29,10,23,12,3,6,23,52,1,10,3,19,12,2,13,3,11,3,5,14,19,41,14,8,28,10,5,17,8,1,14,13,26,2,7,5,3,1,4,2,3,1,11,2,4,7,13,2,8,3,2,2,4,4,5,10,6,3,7,2,6,4,1,1,5,3,2,1,1,2,4,2,1,2,1,1,2,2,2,1,2,1,1,1,1,1,1,2,1,2,1,1,1,1,1,1,0,0,0,0,0,0,0,0,0,0,0,0,0,0,0,0,0,0,0,0,0,0,0,0,0,0,0,0,0,0,0,0,0,0,0,0,0,0,0,0,0,0,0,0,0,0,0,0,0,0,0,0,0,0,0,0,0,0,0,0,0,0,0,0,0,0,0,0,0,0,0,0,0,0,0,0,0,0,0,0,0,0,0,0,0,0,0,0,0,0,0,0,0,0,0,0,0,0,0,0,0,0,0,0,0,0,0,0,0,0,0,0,0,0,0,0,0,0,0,0,0,0,0,0,0,0,0,0,0,0,0,0,0,0,0,0,0,0,0,0,0,0,0,0,0,0,0,0,0,0,0,0,0,0,0,0,0,0,0,0,0,0,0,0,0,0,0,0,0,0,0,0,0,0,0,0,0
Envctrl-1,75,794,0,1,68,388,281,103,216,0,488,1043,1278,95,57,4,0,167,177,0,75,397,148,1126,3,3,84,803,13,391,4,2,0,1,950,62,188,12,105,1357,297,114,0,25,265,40,88,67,10,8,0,41,271,108,429,263,0,296,4,2,2,0,2,1,190,26,0,3,194,81,49,159,0,35,92,13,27,5,41,52,41,5,4,0,0,2,8,10,83,91,73,0,48,0,4,34,139,206,120,547,0,171,441,66,2,3,34,0,123,644,18,36,155,17,0,75,6,52,1,12,11,17,9,6,0,2,16,31,1,26,4,21,1,92,7,0,29,50,0,1,1,8,0,87,21,0,48,42,10,0,9,15,0,7,9,9,56,13,6,1,0,5,6,15,0,5,24,274,0,24,12,3,12,3,5,1,0,4,0,3,326,25,0,4,29,12,5,0,7,21,21,7,4,1,22,39,65,64,56,0,0,1,3,12,1,12,28,16,6,1,44,5,0,47,0,0,1,0,78,1,47,1,3,191,25,11,17,14,1,268,1,6,6,38,2,10,17,0,5,65,8,0,3,2,0,0,8,0,0,55,0,5,11,8,85,80,23,77,0,6,4,13,6,12,5,13,267,2,9,9,7,64,3,1,8,5,3,41,12,18,55,0,2,5,0,45,1,1,6,41,4,2,0,0,3,19,0,4,0,0,0,5,18,0,0,5,2,4,69,0,1,16,0,8,5,1,0,1,11,2,2,4,38,62,17,1,37,11,1,0,55,10,5,11,0,33,21,49,8,0,5,2,0,1,10,1,3,0,0,1,11,2,0,5,0,0,3,4,1,1,2,17,0,0,6,17,1,34,1,0,5,37,0,50,16,1,0,36,3,0,36,0,30,0,4,5,5,3,30,0,0,4,3,9,11,7,22,2,172,13,3,0,3,2,4,10,0,0,1,2,0,15,3,12,1,6,2,2,2,0,2,3,1,1,16,1,3,18,3,6,0,92,1,13,27,4,50,49,0,5,17,35,1,0,1,4,77,18,0,0,14,0,0,7,12,4,29,64,19,3,0,5,3,1,0,28,12,0,1,13,5,0,32,7,47,0,13,6,5,2,4,42,1,3,3,133,67,12,0,2,1,0,2,9,7,24,7,4,6,0,11,46,22,2,3,0,0,2,2,6,3,8,37,2,6,12,8,1,0,3,0,0,2,0,5,0,4,0,2,1,1,1,8,3,2,0,0,4,3,53,3,1,52,1,11,1,29,0,10,0,0,3,0,99,4,1,1521,1,0,0,4,0,0,2,0,1,0,6,2,2,3,4,2,16,0,2,2,4,1,0,1,3,8,4,2,11,17,45,0,5,4,0,3,3,0,0,7,0,0,1,0,0,0,0,0,0,0,0,3,4,6,6,10,0,0,77,3,0,0,0,2,7,6,2,0,0,0,75,2,0,0,3,0,2,0,0,0,0,11,0,5,214,0,0,0,34,0,0,0,1,3,8,0,1,0,45,9,1,4,0,35,12,0,0,0,0,0,5,37,0,0,1,0,1,68,0,4,0,0,0,20,1,11,43,0,20,8,0,102,2,2,0,4,2,0,3,6,1,12,12,0,4,0,0,2,2,6,7,2,0,3,53,0,2,6,3,37,1,0,0,64,1,16,45,1,4,2,0,6,2,14,1,1,3,0,0,0,2,0,4,0,13,0,0,2254,371,196,5,850,73,4,15,252,124,72,113,48,149,15,41,72,345,278,56,11,56,98,52,34,16,9,6,5,31,7,63,15,4,10,110,11,22,8,39,18,15,7,23,13,63,58,3,3,1,20,109,15,14,8,40,3,22,51,77,8,15,3,4,6,4,8,5,3,11,2,9,2,15,16,8,5,15,4,1,10,8,1,1,2,7,12,6,2,2,3,1,6,3,3,1,3,8,1,4,1,1,2,1,1,3,2,2,2,3,3,1,3,2,3,2,6,1,1,1,2,1,1,1,1,0,0,0,0,0,0,0,0,0,0,0,0,0,0,0,0,0,0,0,0,0,0,0,0,0,0,0,0,0,0,0,0,0,0,0,0,0,0,0,0,0,0,0,0,0,0,0,0,0,0,0,0
Envctrl-2,82,811,0,2,263,732,151,361,201,0,1420,1474,873,88,26,10,0,269,270,0,77,152,96,1253,0,0,12,182,13,323,0,4,0,3,10,77,59,5,111,104,23,48,7,5,201,13,0,7,2,5,0,30,79,17,130,336,0,0,17,3,2,1,0,1,40,42,0,2,81,50,8,24,0,42,71,11,14,17,29,73,34,10,0,3,0,1,1,13,79,47,33,0,20,5,0,12,66,46,56,307,0,65,119,17,1,0,22,0,73,143,17,18,187,11,0,27,6,17,3,33,12,20,9,3,0,1,0,26,0,3,7,11,4,28,74,0,8,7,2,0,7,4,0,1,13,1,44,7,0,0,4,27,0,3,10,7,40,2,2,1,1,3,0,7,0,2,11,82,0,10,14,0,4,21,6,0,0,0,0,3,23,9,0,2,25,2,1,1,1,18,12,0,1,2,7,22,3,30,15,3,0,0,0,0,0,6,2,4,8,0,298,7,4,34,0,0,0,0,13,4,21,1,6,61,7,5,5,22,0,107,0,1,12,14,1,3,11,0,2,22,5,4,5,8,1,1,3,1,0,21,1,1,5,4,3,56,8,75,0,6,1,5,2,4,0,2,11,0,5,3,4,30,3,0,0,2,2,33,8,2,13,3,0,2,0,16,0,0,2,7,27,0,0,0,2,1,0,1,2,0,0,11,7,0,0,2,6,9,24,0,1,0,1,2,1,2,0,0,5,0,9,3,13,16,4,4,0,7,1,0,49,2,5,7,0,8,20,59,1,3,1,0,2,0,0,4,16,0,1,0,0,0,0,3,2,132,1,0,4,0,4,11,0,0,2,12,8,23,6,0,7,72,0,57,11,1,0,4,0,0,9,0,47,0,0,0,3,0,14,1,0,0,6,0,15,9,22,0,21,11,1,0,3,3,3,3,5,0,3,2,0,4,1,2,2,4,1,0,0,0,2,3,2,0,8,0,2,5,0,4,4,18,0,1,0,2,20,52,0,6,9,27,5,4,2,2,12,8,2,0,3,0,0,2,1,2,10,30,5,1,0,3,1,6,0,22,1,0,2,3,3,0,18,3,30,1,7,1,2,1,2,22,4,1,0,3,13,3,0,1,0,0,0,4,1,12,0,0,1,0,0,3,3,0,1,0,3,0,1,4,0,0,7,2,1,7,2,0,0,0,0,1,2,1,0,0,1,2,0,0,1,0,66,5,1,1,0,3,6,9,3,0,20,1,5,1,0,0,11,0,0,2,0,14,5,0,168,0,0,0,1,0,0,0,3,2,0,3,0,0,0,0,0,0,2,3,0,0,0,0,0,1,1,1,0,0,4,9,0,4,6,0,2,1,0,0,3,0,0,0,0,0,0,0,0,0,0,0,3,4,0,1,0,1,1,17,2,0,0,0,1,1,0,7,0,0,0,16,4,0,0,0,1,0,0,0,0,0,1,0,1,66,1,0,0,5,1,0,0,0,1,0,0,1,0,7,7,0,1,0,1,2,0,0,0,0,0,8,0,0,1,0,0,1,43,0,1,0,2,0,34,4,17,26,0,17,6,1,6,0,0,0,1,12,0,0,8,0,1,17,0,0,1,0,1,2,4,0,1,0,1,19,0,4,0,0,44,0,2,2,19,0,7,46,0,1,0,0,6,0,5,1,2,1935,0,0,0,0,7,0,0,2,0,1,100,62,0,5,35,2,4,0,1,6,18,8,3,0,0,2,67,65,19,76,1,0,54,12,46,4,0,147,1,7,0,15,23,5,0,0,0,7,1,46,11,7,2,22,0,6,11,0,2,0,0,102,1,0,0,8,1,5,34,114,1,0,5,0,0,2,1,1,5,1,0,0,1,13,25,0,0,5,1,1,8,0,0,3,0,3,5,1,0,0,2,0,3,7,1,0,0,0,14,1,3,0,0,0,0,0,5,4,31,0,0,0,0,0,0,18,0,1,5,4,0,2,2,0,3,5,22,9,2,19,2,1,1,7,2,1,0,0,0,0,0,0,0,0,0,0,0,0,0,0,0,0,0,0,0,0,0,0,0,0,0,0,0,0,0,0,0,0,0,0,0,0,0,0,0,0,0
Envctrl-4,34,493,1,73,294,525,570,412,99,4,1714,1532,417,170,35,1,1,84,299,7,85,278,211,2232,23,0,172,26,16,273,4,24,0,10,199,151,17,9,69,91,13,101,6,15,146,27,65,7,0,19,0,86,60,45,159,366,0,47,10,1,12,2,2,2,46,7,2,1,72,40,17,9,10,38,121,12,15,101,40,219,54,3,6,4,3,2,47,19,91,10,9,20,26,11,0,15,35,8,71,240,1,37,18,5,2,0,0,4,86,171,2,11,205,1,0,6,2,10,7,15,1,25,16,13,0,1,3,0,0,8,4,2,6,11,40,0,8,2,1,20,2,14,1,3,2,0,12,11,16,0,4,42,4,5,10,7,55,5,1,0,3,1,1,3,0,0,25,14,3,17,14,1,4,3,17,8,1,3,1,0,32,4,0,1,14,1,15,0,4,1,7,2,3,2,2,22,19,4,13,1,2,0,0,6,3,1,16,2,0,1,44,5,3,14,0,23,0,3,4,0,2,3,1,12,16,6,0,38,1,9,0,3,7,19,0,1,0,0,3,9,3,5,2,5,0,21,2,0,6,6,0,0,0,0,6,11,1,5,1,1,7,6,3,10,0,1,21,0,2,5,1,7,0,7,0,1,0,14,1,1,4,0,0,4,14,1,0,0,0,1,13,1,0,0,1,8,1,3,0,3,0,0,0,0,0,0,3,0,12,0,2,2,0,3,1,2,1,2,0,0,2,2,8,0,1,0,0,1,0,0,3,0,1,0,0,2,3,16,3,1,2,0,2,0,0,4,1,0,1,4,3,4,2,4,1,19,1,0,13,0,2,2,0,0,1,0,7,6,0,0,0,8,0,27,1,3,1,2,3,1,2,0,1,0,0,0,0,1,0,1,1,0,0,0,0,1,3,0,3,2,0,1,0,3,1,0,0,2,2,1,0,0,0,1,1,0,0,2,0,0,0,0,1,0,8,0,1,3,0,0,1,2,0,0,9,0,1,8,0,3,2,3,6,0,0,1,1,7,0,0,3,0,5,0,6,0,0,0,2,0,0,2,3,2,0,5,0,0,1,2,3,0,2,1,0,0,0,1,1,0,3,9,0,0,0,1,3,0,0,2,0,0,2,0,3,4,0,0,0,1,0,1,1,0,0,0,1,1,1,0,4,0,5,1,0,2,0,3,0,0,0,1,0,2,1,2,0,0,1,0,0,0,0,2,3,0,0,1,5,49,0,2,0,0,2,1,2,6,1,0,2,1,0,5,3,0,178,0,2,0,0,0,3,1,0,1,0,0,0,3,0,5,0,1,0,1,0,1,0,1,1,0,1,1,8,2,1,19,0,1,1,0,1,1,0,0,1,0,0,8,25,0,0,0,0,0,0,3,0,0,0,0,0,0,0,5,0,0,0,1,0,1,0,1,0,0,0,0,0,0,0,3,0,0,0,0,0,0,0,0,1,32,0,0,0,2,0,0,0,0,1,0,0,0,3,1,3,0,2,1,1,1,1,0,1,0,2,6,0,0,0,0,0,1,7,0,2,0,0,0,4,0,0,5,0,3,3,2,2,0,0,1,0,0,0,0,2,0,0,10,0,1,1,0,0,0,1,0,0,1,1,7,0,3,2,0,21,0,1,0,2,0,1,0,0,1,0,0,0,0,2,1,0,14,0,0,0,0,1,3,1,1,0,0,30,102,0,0,46,14,0,0,2,21,1,9,44,25,0,0,29,0,0,3,0,8,42,23,37,1,0,2,2,8,0,8,5,7,0,0,3,1,0,12,18,1,0,7,0,0,0,0,2,0,0,79,1,0,0,1,0,4,6,54,2,0,2,1,2,1,0,0,1,0,31,0,4,7,15,0,2,0,0,0,12,0,0,0,0,1,1,2,0,3,2,0,3,2,0,18,5,2,1,1,0,0,3,23,0,0,17,0,8,0,0,0,0,0,3,0,0,1,0,1,0,0,0,0,0,0,6,1,1,0,1,8,0,9,0,0,47,3,5,2,1,1,1,1,0,0,0,0,0,0,0,0,0,0,0,0,0,0,0,0,0,0,0,0,0,0,0,0,0,0,0,0,0,0,0,0,0
Envctrl-3,50,3951,1,283,557,1576,1415,737,390,31,3021,1539,908,526,113,0,5,311,1387,126,74,652,857,3652,89,0,1085,0,146,974,5,63,5,31,0,198,57,32,95,3,8,177,0,582,159,47,70,40,2,46,3,176,108,15,224,254,15,0,3,14,30,30,16,19,157,5,0,2,266,265,21,165,22,61,266,23,50,0,68,323,133,2,12,6,2,2,9,48,86,14,32,0,68,0,0,31,144,33,171,478,0,157,106,6,19,0,69,26,130,131,0,9,164,1,0,21,7,32,2,259,0,83,97,0,0,8,11,15,1,10,5,0,14,14,0,0,2,97,8,116,32,30,2,0,2,0,31,18,0,1,12,153,7,1,14,3,181,0,2,8,16,1,3,35,0,10,42,93,1,29,20,7,9,0,17,5,0,0,1,0,19,2,0,4,8,10,33,0,0,22,19,9,9,8,6,40,0,9,68,1,5,0,0,17,3,4,1,6,0,0,21,6,6,15,1,0,1,9,63,4,2,4,6,24,0,0,0,144,1,41,0,20,31,2,3,4,8,0,23,22,12,0,1,3,0,9,3,0,0,12,1,0,2,12,0,24,3,15,0,0,0,22,0,32,0,6,12,0,0,19,0,10,2,9,0,6,8,12,1,25,12,1,1,2,0,0,0,0,1,1,1,0,1,0,0,0,0,23,0,0,0,5,3,1,2,0,24,1,24,0,4,9,1,2,1,6,0,6,4,0,1,0,13,5,10,10,7,3,17,1,4,0,0,3,9,18,8,0,3,3,0,0,5,2,0,20,31,4,3,0,1,0,0,1,12,253,588,1,1,3,17,4,0,0,10,3,11,5,14,0,0,7,0,13,2,2,0,7,3,1,1,0,0,0,1,0,0,3,0,6,0,0,1,4,0,0,19,9,4,6,0,3,2,1,3,8,0,0,1,0,0,9,0,1,0,3,0,0,0,1,0,1,2,3,30,3,0,11,0,1,0,0,2,1,1,0,29,20,0,23,5,6,0,0,0,1,2,4,0,2,4,0,0,0,3,0,2,1,1,2,0,5,5,1,4,2,2,0,1,1,3,0,14,3,2,0,0,4,1,1,1,6,1,0,1,1,9,0,4,8,1,11,7,2,1,1,0,1,2,2,0,0,5,2,2,0,2,0,1,25,3,2,2,0,0,2,1,1,0,0,1,1,0,2,1,50,1,3,4,2,2,0,0,3,7,3,0,1,4,102,2,0,5,0,8,0,19,0,8,0,0,3,0,0,12,0,0,0,1,0,0,6,11,6,6,0,0,2,1,8,3,0,0,0,0,1,0,0,0,0,3,3,0,0,12,0,0,8,0,0,1,0,2,0,0,4,2,0,0,1,59,0,0,1,0,0,4,0,3,3,1,0,0,2,4,4,2,4,6,16,0,0,2,0,2,1,0,72,3,0,11,0,4,1,0,0,1,0,0,1,1,20,0,2,0,1,1,2,1,1,0,2,2,0,0,1,2,0,2,0,0,2,1,0,1,2,0,0,0,0,0,0,1,6,23,0,0,15,4,0,2,1,20,6,1,0,0,2,0,0,1,24,0,0,0,0,16,0,1,4,5,13,4,4,0,0,3,0,10,3,0,0,0,4,1,1,32,2,2,1,0,0,0,5,0,7,0,7,0,0,3,4,0,0,0,2,0,1,4,3,0,4,0,0,24,0,1,2,20,0,2,0,0,1,0,10,1,0,0,0,0,0,5,1,0,0,49,0,17,5,0,0,0,0,0,1,47,0,0,3,0,0,0,13,146,0,4,0,0,0,0,1,1,0,0,0,2,0,0,0,0,0,0,9,0,0,3,7,1,2,22,0,0,0,0,3,11,0,1,0,37,0,1,0,0,0,0,0,0,1,0,10,0,11,0,0,0,5,10,12,0,1,0,0,7,0,0,3,0,1,0,0,9,0,0,0,0,6,0,1,1,0,0,0,0,0,0,0,9,7,0,0,0,4,0,7,0,0,0,0,0,0,0,28,5,0,0,1,111,12,113,37,2,1,3,1,0,0,0,0,0,0,0,0,0,0,0,0,0,0,0,0,0,0,0,0,0,0,0,0,0
Jax2Env-1,43,2259,381,1820,178,1906,389,222,220,5,992,1048,1078,462,19,30,5,2091,262,864,64,658,478,2610,17,5,207,1466,73,829,17,21,0,33,705,134,184,6,47,39,221,446,28,10,192,171,632,237,51,169,3,72,253,110,893,125,13,211,56,28,68,79,18,29,34,168,6,20,210,151,21,132,41,71,267,46,51,1,154,47,47,9,35,10,3,0,479,11,68,119,171,0,51,0,0,34,109,370,85,362,15,235,939,104,5,37,54,8,112,367,0,295,113,321,0,345,48,95,8,167,3,45,80,11,1,1,62,195,0,17,14,10,33,158,0,5,98,78,5,15,391,271,0,30,31,4,194,71,13,1,23,25,0,3,32,26,103,5,14,2,4,4,9,58,30,0,79,327,10,53,101,2,20,0,7,87,205,12,1,0,0,54,3,11,805,112,139,1,5,76,46,26,4,28,27,117,127,73,46,18,14,16,1,4,2,78,36,21,4,0,156,13,5,25,1,0,0,13,130,5,246,9,121,229,33,5,64,28,1,216,11,35,41,120,2,61,14,3,3,63,4,0,24,4,5,128,3,1,24,63,1,2,7,40,72,30,10,63,0,3,3,12,5,21,3,9,0,20,6,15,0,129,23,12,1,8,3,73,2,28,51,0,16,9,0,15,19,4,3,154,0,262,2,25,11,24,0,18,0,76,8,11,36,3,3,0,68,10,102,9,0,0,0,3,15,2,20,0,15,1,4,0,51,64,21,13,40,13,0,13,32,7,99,42,21,285,115,22,3,28,1,8,2,22,2,53,122,9,5,14,1,1421,52,16,27,3,6,20,16,14,11,45,0,0,0,15,5,73,55,22,0,398,0,23,21,19,0,12,22,0,9,0,0,0,0,2,5,2,25,15,4,9,7,11,0,55,187,0,6,1,3,0,5,8,4,66,5,0,10,17,0,8,0,4,2,7,1,1,0,1,0,0,4,2,11,1,19,10,5,1,8,149,2,45,6,1,9,194,30,9,36,6,8,0,0,1,53,92,3,1,17,0,0,3,6,2,4,11,11,16,0,21,18,0,0,20,12,1,0,26,19,0,19,14,13,2,2,21,0,2,4,93,17,0,0,8,51,35,0,5,3,0,0,26,5,14,0,6,2,3,6,4,6,2,8,1,2,6,6,7,5,0,6,33,9,59,7,3,0,3,6,3,2,4,3,0,5,8,1,9,2,19,2,4,7,7,0,10,0,100,7,0,71,9,60,2,72,0,11,9,25,3,0,64,37,4,0,9,0,2,13,0,5,1,0,15,3,13,3,0,5,0,3,1,2,18,6,5,5,3,1,11,0,1,6,0,19,32,0,0,8,7,3,2,0,5,7,0,5,0,0,29,0,0,0,1,17,6,8,5,19,1,0,4,0,0,6,3,3,2,45,16,16,0,3,0,0,24,0,0,6,69,28,14,2,11,0,3,13,0,11,0,4,11,3,0,0,0,0,1,0,1,2,2,0,6,2,0,2,0,7,16,10,0,0,1,1,4,54,3,187,0,2,7,144,0,1,0,3,0,19,5,0,23,4,308,19,4,0,7,1,0,1,28,0,29,38,4,0,6,2,4,0,0,5,7,51,0,14,5,2,17,70,8,7,10,185,4,3,2,0,0,15,111,1,1,1,1,2,4,16,5,3,16,14,31,11,7,0,0,5,1,2,0,310,0,42,0,3,0,4,42,39,0,0,396,231,0,0,0,65,1,3,3,0,0,417,58,0,3,0,1,7,80,1,2,1,18,17,31,1,46,0,0,0,0,131,17,0,6,8,9,0,12,0,60,9,5,0,18,7,21,0,16,7,0,0,70,6,2,0,47,0,0,110,0,1,0,5,0,1,0,4,5,14,0,2,5,146,5,5,0,6,16,9,3,9,0,0,16,0,4,13,1,0,0,31,0,5,636,2,10,23,0,2,0,40,0,0,1,2,4,6,1,0,10,26,6,2,0,4,0,0,0,2,4,12,0,64,12,0,32,0,30,4,0,2,0,0,0,0,0,0,0,2,0,142,30,62,3,3,38,1,1,2,0,0,0,0,0,0,0,0,0,0,0,0,0,0,0,0
Jax2Env-2,67,1806,14,60,676,1004,189,628,259,0,3005,1539,488,97,44,65,0,46,238,0,56,200,156,1139,0,0,0,0,41,534,5,0,0,12,267,209,36,3,50,1,0,471,3,1,581,169,1,7,11,59,7,33,50,19,252,400,0,88,7,5,1,0,0,1,64,38,0,5,242,209,33,125,4,46,122,15,30,118,33,188,18,3,12,1,0,0,0,4,85,23,17,47,29,2,0,10,113,12,70,266,0,34,124,77,4,0,19,0,92,368,5,7,154,9,0,17,10,18,4,62,1,14,35,7,0,9,280,3,0,40,2,0,4,31,4,0,9,27,2,0,32,0,0,0,1,0,19,5,0,0,6,6,2,1,12,4,177,6,2,0,0,0,1,3,0,0,0,21,0,23,16,1,1,8,4,0,1,21,1,1,1,5,0,4,78,9,0,2,2,7,12,0,0,0,3,8,7,5,12,2,0,0,0,2,1,4,15,3,62,0,17,24,0,26,0,0,0,7,6,0,8,2,19,13,5,0,0,12,0,19,2,2,17,4,0,9,4,0,7,5,0,0,1,5,0,0,4,0,2,17,0,7,13,6,0,42,0,6,0,5,4,3,2,12,3,8,2,2,2,15,0,7,2,5,1,0,0,3,0,5,18,0,2,2,1,0,0,0,0,11,0,0,0,0,6,13,0,0,3,0,0,15,3,0,0,1,9,6,12,0,0,0,0,1,11,10,1,1,1,0,7,0,1,0,13,0,248,0,0,2,5,1,0,2,78,6,4,1,1,22,0,4,6,0,2,3,9,0,0,0,0,0,0,5,7,105,619,10,52,2,4,2,0,1,18,12,0,20,3,0,0,57,0,20,6,0,0,12,4,7,8,0,6,0,3,5,14,1,3,0,0,2,1,5,1,20,0,17,41,1,0,0,2,5,2,9,0,4,1,19,0,2,15,1,2,5,1,1,46,0,1,2,6,6,12,1,0,1,3,2,2,45,1,18,8,4,28,30,4,7,3,6,0,16,0,1,12,24,2,4,2,0,2,8,14,2,0,12,1,1,2,10,6,2,1,2,1,0,3,1,5,0,1,1,26,0,0,12,7,0,5,21,1,0,0,0,5,2,0,5,0,13,6,1,0,5,0,2,0,5,1,2,0,3,0,0,3,0,0,4,0,0,10,1,2,5,1,44,0,0,0,0,0,3,0,0,0,1,1,2,0,2,3,1,2,0,67,2,0,0,1,0,4,0,2,0,4,0,0,0,0,0,0,80,2,1,304,0,0,0,7,0,0,0,1,3,2,2,1,5,0,2,0,0,0,0,0,0,0,0,0,1,1,0,0,0,8,23,0,1,4,0,0,0,6,0,2,0,0,0,0,0,1,0,0,0,1,0,1,9,0,0,5,2,0,0,0,0,0,0,1,0,1,0,0,0,0,1,14,0,0,10,0,0,0,0,0,1,3,0,3,0,0,0,0,0,0,0,0,0,0,3,0,0,0,16,12,0,1,0,1,5,0,0,0,1,0,0,0,0,0,0,0,0,21,0,0,0,0,0,2,1,23,17,0,11,1,1,2,1,0,0,1,0,0,0,20,0,1,3,0,0,0,0,0,1,0,6,3,0,0,1,1,15,9,1,0,0,0,0,15,0,3,0,2,1,1,0,0,1,12,0,0,0,55,0,0,0,6,0,0,0,1,0,8,0,0,1,0,0,1,9,0,9,0,0,0,142,0,0,16,4,22,24,0,0,0,0,424,0,0,0,5,0,2,10,0,0,5,0,0,0,0,15,0,0,12,0,0,1,0,0,0,0,0,140,5,0,0,0,0,0,0,334,0,0,0,0,0,0,18,0,5,0,0,0,0,0,85,0,0,0,2,6,0,0,0,1,0,2,1,0,0,1,5,0,0,15,0,1,0,4,0,1,0,0,0,0,0,1,2,0,11,1,1,0,0,0,0,0,0,0,39,1,0,0,1,1,3,9,0,0,0,8,2,0,0,0,0,5,0,0,0,0,0,0,0,0,0,0,0,0,0,0,0,0,0,0,9,16,16,0,0,0,0,1,1,0,0,0,0,0,0,0,0,0,0,0,0,0,0
Jaxctrl-1,0,0,1577,0,0,0,1316,0,0,0,0,1112,0,0,0,0,0,0,0,0,0,0,0,0,0,0,0,0,0,0,0,1073,67,0,0,0,29,0,0,6,0,0,0,350,734,0,0,0,0,0,0,0,0,6,0,0,8,0,0,0,0,90,0,0,0,0,0,9,0,0,0,5,0,0,0,0,0,0,0,0,0,0,0,25,0,0,0,0,0,17,3,190,0,0,0,29,0,0,0,0,0,0,149,0,0,0,11,0,0,0,0,80,0,0,0,0,5,13,5,0,2,0,0,15,0,0,335,49,0,0,4,38,0,44,0,0,0,0,3,0,0,0,0,0,0,0,60,0,0,18,9,0,0,0,0,0,0,2,0,0,161,0,0,0,0,0,137,0,0,0,0,0,9,0,0,0,0,2,0,0,0,6,0,0,0,1,0,0,0,0,6,0,2,0,0,3,0,13,0,0,0,135,18,17,0,0,2,0,0,0,5,0,0,0,0,29,0,0,3,0,13,0,76,10,0,0,0,0,0,10,0,0,0,0,0,20,8,2,0,17,11,0,42,0,0,0,0,0,0,0,0,10,0,0,0,22,0,0,0,0,0,0,3,0,0,3,0,0,0,3,0,2,3,10,0,0,6,0,0,0,5,0,7,27,28,0,0,0,0,3,0,0,0,0,8,0,0,0,0,5,1,4,0,0,0,0,0,0,0,0,0,0,0,0,0,5,0,0,0,0,0,0,6,0,0,0,133,44,0,0,3,0,0,0,5,0,85,105,0,5,0,0,6,0,3,0,0,0,0,0,0,0,0,0,0,132,0,0,25,125,0,28,7,781,0,0,0,0,12,22,0,0,1,0,0,0,63,0,0,0,1,0,0,174,0,21,5,0,4,0,0,4,2,0,0,0,114,16,0,1,0,1,0,0,0,0,0,9,0,0,6,5,7,0,0,0,4,0,0,46,0,0,3,0,11,0,7,3,0,1,0,1,0,0,66,0,13,23,5,0,8,0,0,0,28,0,12,7,0,0,0,1,0,0,0,0,0,0,0,3,4,0,11,12,17,1,0,4,0,0,0,0,81,0,0,5,94,0,0,0,0,3,0,15,0,104,0,1,0,0,0,0,0,0,2,0,0,0,0,0,0,30,18,3,0,0,0,0,0,1,0,0,0,1,0,0,2,0,8,1,0,2,0,0,0,0,0,0,0,0,0,4,0,0,0,0,1,0,52,0,0,0,0,0,0,0,0,0,4,0,0,0,0,0,0,0,0,0,0,0,1,0,0,0,13,0,0,4,0,0,1,0,0,0,0,0,0,0,2,0,0,0,0,0,0,0,1,81,2,0,0,0,2,0,0,0,0,0,0,0,0,0,0,0,24,0,0,0,0,3,0,0,10,0,0,0,0,0,0,0,0,0,0,0,0,0,0,0,18,0,0,0,0,0,0,0,0,0,5,0,3,0,0,0,0,0,0,0,0,0,0,0,0,0,0,41,251,0,0,0,3,4,0,12,0,0,0,25,0,0,0,0,0,0,0,37,0,0,0,0,0,0,0,0,0,0,0,17,0,0,0,0,2,0,0,0,0,0,0,0,0,0,0,0,0,0,0,0,0,0,0,0,0,0,0,0,0,0,0,0,0,0,0,0,0,0,0,0,0,0,27,0,1,0,0,0,0,0,0,10,2,0,8,1,0,0,229,0,0,0,0,5,62,0,0,0,0,0,0,0,0,0,0,2,0,0,0,0,0,0,6,0,14,0,0,52,0,0,0,0,0,0,0,57,0,0,0,0,0,0,0,0,0,0,0,0,0,0,0,0,0,0,0,0,0,0,0,0,0,0,0,0,0,53,0,0,0,0,0,0,0,0,0,0,0,0,0,0,0,6,0,0,0,0,0,0,0,0,0,0,0,0,0,0,0,0,0,0,2,0,0,0,0,4,9,0,0,0,18,0,0,0,0,0,0,0,0,0,0,0,0,0,0,0,0,3,0,0,0,0,0,0,0,0,0,0,0,0,0,0,0,0,0,9,0,0,0,0,0,0,0,0,0,0,0,0,1,29,25,31,5,11,5,5,1,1,0,0,0,0,0
Jaxctrl-2,0,0,1009,0,0,0,3295,0,0,0,0,1641,0,0,0,0,0,0,0,0,0,0,0,0,0,0,0,0,0,0,0,269,21,0,0,0,30,0,0,2,0,0,0,167,1246,0,0,0,0,0,0,0,0,11,0,0,44,0,2,0,0,156,0,0,0,0,0,14,0,0,1,87,0,0,0,0,0,0,0,0,0,0,0,42,0,0,0,0,0,24,4,10,0,0,0,45,0,2,0,0,0,0,34,0,0,0,40,0,0,0,0,91,0,0,0,0,2,15,2,0,1,0,0,11,0,0,65,18,0,0,0,18,0,18,0,0,0,51,11,0,0,0,0,0,2,0,27,0,0,8,20,0,0,0,0,0,0,0,0,0,45,0,0,0,0,0,108,7,0,1,0,1,1,0,0,0,0,0,36,0,0,2,0,0,0,1,0,0,0,0,3,0,1,0,0,1,0,18,0,0,0,5,9,0,0,0,2,0,0,0,0,0,0,0,0,79,0,0,2,0,13,0,8,13,9,0,0,0,0,5,0,0,0,13,0,10,0,20,0,3,17,0,22,0,0,0,0,0,0,0,0,9,0,0,0,0,0,5,0,2,0,0,0,0,0,0,0,0,0,0,0,2,4,26,0,0,4,0,0,0,5,0,2,7,69,0,0,0,0,0,0,0,0,0,2,0,0,0,1,0,0,0,3,0,0,0,0,0,0,0,0,0,0,0,0,0,2,0,0,0,0,0,2,0,0,0,8,54,0,0,2,2,0,0,202,0,13,43,0,0,0,0,11,0,6,0,0,0,0,0,0,0,0,0,0,136,1,0,16,68,0,36,9,793,0,0,0,0,3,8,0,0,110,0,3,0,43,0,0,0,0,1,0,137,0,30,8,0,0,0,0,0,1,0,0,0,0,34,0,0,0,1,0,0,0,0,0,9,0,0,13,4,6,0,0,0,7,0,0,0,0,0,6,0,13,0,7,0,0,0,0,1,0,0,1,0,0,0,9,0,6,0,0,0,5,0,3,4,10,0,0,6,0,0,0,0,0,0,0,5,12,0,3,3,2,3,0,6,0,0,0,0,10,0,0,4,0,0,0,0,0,3,0,0,0,0,0,1,0,0,0,2,0,0,1,0,0,0,0,0,0,10,61,2,0,1,0,0,0,3,0,0,0,0,0,0,5,6,6,0,0,1,0,0,0,0,0,0,0,0,0,1,0,0,0,0,69,0,1,0,0,0,0,0,0,0,0,0,0,0,0,0,0,0,0,0,0,0,0,0,3,0,0,0,6,0,6,2,0,0,0,0,0,0,1,0,0,0,1,0,0,0,0,0,0,0,2,11,2,0,0,0,0,0,0,0,0,3,76,0,0,0,0,0,7,0,0,0,0,1,0,0,0,0,0,0,0,0,0,0,0,0,0,0,0,0,0,0,5,0,0,0,0,0,0,0,0,0,0,0,1,0,0,0,0,0,0,0,0,0,0,0,0,0,0,0,450,0,0,0,4,0,0,8,0,0,0,19,0,0,0,0,0,0,0,15,0,0,0,0,0,0,0,0,0,0,0,2,0,0,0,0,0,0,0,0,0,0,0,0,0,0,0,0,0,0,0,0,0,0,0,0,0,0,0,0,0,0,0,0,0,0,0,1,0,0,0,0,0,0,2,0,0,0,0,0,0,0,0,22,2,3,4,2,0,0,132,0,0,0,0,0,25,0,13,0,0,0,0,0,0,0,0,19,0,0,0,0,0,0,2,0,7,0,0,4,0,0,0,0,0,0,0,7,0,0,0,0,0,0,0,0,0,0,0,0,0,0,0,0,0,0,0,0,0,0,0,0,0,0,0,0,0,51,0,0,0,0,0,0,0,0,0,0,0,0,0,0,0,2,0,0,0,0,0,0,0,0,0,0,0,0,0,0,0,0,0,0,3,0,0,0,0,0,9,0,0,0,19,0,0,0,0,0,0,0,0,0,0,4,0,0,0,2,0,39,0,0,0,0,0,0,0,0,0,0,0,0,0,0,0,0,0,11,0,56,0,0,0,0,0,0,0,0,0,0,0,0,30,40,1,0,13,3,19,6,1,0,0,0,0
Jax2Env-4,86,4515,0,3377,568,523,49,704,282,2,2924,1351,1021,234,183,0,0,163,52,0,83,351,286,1533,0,0,0,1,117,484,2,1,91,40,178,24,57,19,68,224,1,229,43,463,567,55,99,63,5,180,26,40,30,20,159,256,0,46,37,9,119,11,9,16,32,24,3,6,281,551,24,13,33,91,204,26,33,10,91,50,40,0,3,2,0,1,0,17,112,28,20,24,71,0,0,4,138,29,167,504,0,172,141,16,10,3,10,1,73,78,0,12,196,9,0,10,18,40,0,96,2,31,55,12,0,4,10,27,0,0,7,3,15,47,3,0,8,3,5,0,0,19,0,0,8,1,60,15,3,0,20,48,7,1,16,3,160,3,7,0,0,2,5,18,0,3,13,20,0,16,20,32,9,11,11,0,6,0,2,3,0,5,0,11,1,6,24,2,0,3,5,1,9,23,7,13,1,19,7,7,3,0,0,35,2,0,5,0,3,0,1,33,0,30,0,352,0,9,7,4,16,3,4,20,9,0,3,35,2,35,0,13,10,8,0,9,5,0,4,15,1,0,2,2,0,0,2,0,13,10,0,15,1,4,0,11,10,12,0,5,0,8,3,24,0,4,0,3,2,5,0,24,2,3,0,21,0,22,0,3,20,0,4,3,0,0,0,1,0,13,0,175,0,0,6,0,4,5,0,0,0,0,1,3,0,1,9,3,7,1,1,0,0,3,7,5,2,3,0,0,8,0,14,5,1,0,85,3,15,2,26,0,0,1,23,13,8,35,2,80,141,15,0,3,0,7,14,6,2,1,0,0,0,0,4,2,0,10,34,378,1,5,0,1,9,1,6,72,10,0,8,3,0,10,7,8,0,7,1,9,10,0,62,0,0,0,3,3,3,0,0,0,0,0,28,14,0,1,2,8,0,0,2,7,4,5,4,15,1,3,0,3,22,4,2,2,0,0,8,0,0,1,6,0,7,4,4,3,0,1,0,3,3,23,124,0,5,19,1,0,1,3,0,2,0,5,7,9,5,3,2,0,0,0,1,1,6,10,3,0,0,29,13,3,2,10,0,0,2,3,8,1,15,1,33,0,1,0,7,2,2,23,10,0,1,1,6,2,0,3,0,24,2,1,0,0,9,0,0,2,0,0,6,5,1,0,1,2,2,13,0,1,3,0,0,29,4,5,0,0,1,0,0,0,1,0,2,2,1,0,1,2,28,3,2,1,0,1,0,2,2,2,8,0,11,1,3,16,18,0,0,1,0,161,1,3,46,4,1,0,3,11,7,0,0,4,0,1,0,2,0,1,0,8,0,2,2,1,2,0,0,7,11,0,2,2,2,12,0,1,38,0,0,0,0,0,1,0,0,0,0,0,0,0,0,1,2,0,1,1,0,0,3,0,0,4,0,0,0,4,3,6,9,0,0,0,2,0,0,1,3,0,5,1,0,0,1,0,4,0,0,97,0,0,0,0,0,0,0,1,66,2,2,0,0,13,5,0,0,0,3,5,1,0,0,1,2,4,0,0,0,0,0,0,13,0,0,0,0,0,8,2,0,22,0,36,9,1,0,2,0,2,1,0,0,0,9,0,4,2,0,2,0,1,3,0,1,1,3,5,0,0,0,0,0,0,0,0,0,4,3,0,2,0,19,6,0,0,1,0,6,1,0,0,1,0,0,2,0,0,3,0,0,4,5,0,10,2,0,0,63,0,18,114,0,0,0,0,0,0,0,0,13,97,4,0,0,20,39,0,0,4,0,0,1,0,0,1,0,12,0,0,0,2,0,0,13,0,0,0,0,0,0,0,0,0,1,0,0,14,0,5,0,0,0,0,0,0,1,4,3,1,0,0,0,0,3,0,0,0,0,2,2,0,0,0,0,0,0,1,0,0,0,3,10,0,0,0,0,0,0,2,0,0,1,1,0,0,0,0,0,0,0,0,1,0,1,0,0,0,0,0,0,0,0,0,0,0,2,0,0,0,0,0,0,7,8,0,0,0,0,0,0,0,0,0,6,0,0,0,0,0,0,0,10,0,0,0,0,0,0,0,0,0,0,0,7,0,0,0,0,0,0,0,0,0,0,43,25,0,0
Jax2Env-3,43,1088,0,241,83,1462,93,78,81,1,396,373,145,131,22,1,30,572,85,117,21,79,538,1211,48,1,126,360,124,166,2,201,7,26,415,86,13,8,18,0,4,200,84,2,56,57,150,73,13,83,12,112,101,17,20,156,54,166,11,4,216,40,8,0,0,17,2,5,76,94,4,31,16,25,64,16,30,0,30,9,47,3,6,52,4,0,318,8,24,23,11,0,27,0,3,6,61,16,32,205,101,127,174,1,5,0,12,1,27,122,1,133,36,32,1,50,12,23,3,26,3,52,64,0,3,3,0,90,8,12,2,8,6,9,0,1,21,40,2,77,90,31,1,868,10,0,15,14,3,0,5,4,2,1,12,5,48,1,4,3,108,0,5,42,8,0,8,17,30,23,19,1,5,6,11,49,1,14,0,0,0,11,1,0,3,2,21,5,1,20,8,1,3,0,5,11,4,35,12,3,11,0,7,0,1,3,7,8,1,5,82,1,0,8,0,0,0,7,13,0,0,0,37,27,19,0,0,7,4,26,2,1,44,20,0,11,2,0,3,16,1,0,3,1,0,0,1,3,1,5,2,3,1,18,38,5,8,12,11,0,1,6,2,7,2,2,0,4,2,12,0,9,5,1,1,1,11,3,4,1,12,1,6,2,30,5,10,0,2,31,0,0,1,0,4,0,0,5,0,2,7,3,2,1,1,1,4,0,51,2,0,3,0,1,0,7,0,1,0,17,4,2,10,27,2,1,93,5,3,0,6,0,38,5,18,0,13,65,1,14,1,2,0,1,0,2,3,0,0,1,1,0,0,0,2,54,17,1,1,20,2,13,0,0,2,1,3,6,1,0,0,59,0,43,3,0,0,2,1,0,2,0,0,0,1,19,0,7,0,0,2,0,0,5,2,1,5,0,2,4,0,0,0,1,1,3,0,0,0,11,0,0,3,1,6,3,0,0,0,2,0,0,2,0,4,5,0,47,0,0,5,563,1,2,0,0,0,12,1,3,3,8,0,2,0,0,6,4,0,2,6,0,0,20,8,3,7,22,2,3,0,1,2,1,1,0,2,0,1,7,11,0,7,0,25,0,1,5,0,1,1,20,1,0,2,0,5,0,0,6,0,10,1,8,7,0,0,1,0,1,0,0,12,1,1,0,0,0,1,1,0,2,1,6,2,15,0,0,0,0,0,2,0,8,4,3,0,3,0,5,2,1,4,1,2,0,0,1,3,10,4,3,15,13,9,1,46,4,0,0,69,2,4,0,4,1,0,0,0,3,1,0,5,0,0,4,1,1,2,3,7,2,0,2,2,1,4,1,1,0,6,4,3,0,1,2,0,4,0,0,0,1,2,2,0,2,1,0,0,223,1169,5,287,176,0,5,25,2,1,1,19,2,3,0,3,15,0,3,5,1,10,6,0,9,6,5,5,29,1,0,5,0,4,5,2,1,1,3,0,3,3,257,0,8,4,7,0,19,5,13,2,10,1,0,2,5,0,5,2,1,2,0,4,2,8,0,0,20,4,0,33,5,26,4,21,0,1,20,4,1,14,0,0,11,0,59,0,3,0,0,1,7,1,2,3,0,6,0,2,125,3,1,1,6,1,0,13,0,9,4,0,207,2,3,0,0,25,0,2,0,1,10,0,99,0,1,13,0,1,0,4,1,0,46,4,1,0,2,3,0,0,0,1,1,1,0,0,1,4,2,0,9,0,0,0,10,41,0,1,0,0,0,3,0,0,0,43,8,15,1,0,42,0,0,0,0,11,0,0,0,10,0,0,0,0,1,3,72,0,3,0,0,12,2,0,0,3,0,0,2,0,8,0,0,1,0,9,50,0,1,9,0,1,0,0,0,2,4,0,0,0,2,0,0,36,0,20,1,19,0,0,4,0,0,0,31,16,0,0,427,3,2,0,1,0,0,0,3,0,1,0,113,10,0,0,0,0,3,1,6,0,2,5,0,0,1,2,1,6,1,0,2,157,1,3,2,0,29,53,0,0,4,48,0,65,23,0,0,0,0,2,0,0,0,0,0,0,0,0,0,1,0,4,0,0,0,2,0,0,0,0,0,0,0,0,0,0,0,0,39,0
Jaxctrl-3,0,0,1450,0,0,0,550,0,0,0,0,1517,0,0,0,0,0,0,0,0,0,0,0,0,0,0,0,0,0,0,0,160,93,0,0,0,41,0,0,6,0,0,0,539,865,0,0,30,0,0,0,0,0,13,0,0,162,0,0,0,0,165,0,0,0,0,0,58,0,0,0,87,0,0,0,0,0,0,0,0,0,0,0,55,0,0,0,0,0,58,6,62,0,0,0,35,0,5,0,0,0,0,115,0,0,0,223,0,0,0,0,157,0,0,0,0,9,40,1,0,2,0,0,5,0,0,239,55,0,0,3,65,0,34,0,0,0,55,11,0,0,0,0,0,3,0,32,0,0,1,10,0,0,0,0,0,0,3,0,0,172,0,0,9,0,0,26,2,0,0,0,1,9,0,0,0,0,38,213,0,0,2,0,0,0,4,0,0,0,0,4,0,1,0,4,1,0,0,0,0,0,31,15,0,0,0,9,0,0,0,0,0,0,0,0,344,0,0,3,0,0,0,25,19,0,0,0,0,0,20,0,0,0,0,0,37,21,11,0,5,33,0,25,0,0,0,0,1,0,0,0,8,0,0,0,62,0,1,0,2,0,0,9,0,0,1,0,5,0,0,0,3,19,7,0,0,1,0,0,0,7,0,3,5,119,0,0,0,0,2,0,0,0,0,8,0,0,0,2,4,0,2,0,0,0,0,0,0,0,0,0,0,1,0,0,2,8,0,0,0,0,0,2,0,0,0,27,43,0,0,6,6,0,0,35,0,7,55,3,2,0,0,7,0,3,0,0,0,0,0,0,0,0,0,0,85,0,0,0,170,0,113,17,901,0,0,0,1,0,4,1,1,125,0,0,0,0,0,0,0,0,0,0,204,0,0,7,0,2,0,0,3,1,10,0,10,174,40,0,0,5,0,0,0,0,0,0,10,0,0,123,6,13,0,0,0,5,0,0,43,3,0,0,0,12,0,0,0,0,0,0,13,0,0,44,0,0,4,49,0,17,0,0,0,38,0,10,1,6,0,1,1,0,0,0,0,0,0,0,6,4,0,8,11,5,14,0,6,0,0,3,0,73,4,0,0,7,0,0,1,0,5,0,22,0,154,0,5,0,0,0,3,0,0,19,0,0,0,0,0,20,54,88,0,0,0,0,0,0,7,0,0,7,4,0,0,4,1,10,2,1,0,1,0,0,0,1,0,0,0,0,4,0,0,0,0,216,0,5,0,0,0,0,0,0,0,0,0,0,0,0,0,0,0,0,0,0,0,0,0,0,0,0,0,28,0,39,4,3,0,0,0,0,0,0,0,0,4,0,0,0,0,0,0,0,0,0,11,9,0,0,0,1,0,0,0,0,3,0,0,0,0,0,0,43,0,0,0,0,5,0,0,1,0,0,0,0,0,0,0,0,0,0,0,0,0,0,0,42,0,0,0,0,0,0,0,0,0,4,0,6,0,0,0,0,0,0,0,0,0,0,0,0,0,0,4,267,0,0,0,0,1,0,18,0,0,0,13,0,0,1,0,0,0,0,12,0,0,0,0,0,0,0,0,0,0,0,73,0,0,0,0,1,0,0,0,0,0,0,0,0,0,0,0,0,0,0,0,0,0,0,0,0,0,0,0,0,0,0,0,0,0,0,0,0,0,0,0,0,4,14,0,1,0,0,0,0,0,0,0,6,0,70,3,0,0,327,0,0,0,0,0,57,0,43,0,0,0,0,0,0,0,0,0,0,0,0,0,0,0,4,0,43,0,0,40,0,0,0,0,0,0,0,35,0,0,0,0,0,0,0,0,0,0,0,0,0,0,0,0,0,0,0,0,0,0,0,0,0,0,0,0,0,97,0,0,0,0,0,0,0,0,0,0,0,0,0,0,0,7,0,0,0,0,0,0,0,0,0,0,0,0,0,0,0,0,0,0,3,0,0,0,0,6,0,0,0,0,77,0,0,0,0,0,0,0,0,0,0,0,0,0,0,0,0,0,0,0,0,0,0,0,0,0,0,0,0,0,0,0,0,0,0,391,0,107,0,0,0,0,0,0,0,0,3,0,10,49,100,43,24,0,37,0,0,4,7,0,0,0,845
Jaxctrl-4,0,0,2232,0,0,0,386,0,0,0,0,1490,0,0,0,0,0,0,0,0,0,0,0,0,0,0,0,0,1,0,0,17372,211,0,0,0,0,0,0,1,0,0,0,365,2378,0,0,43,0,0,0,0,0,17,0,0,285,0,7,0,0,345,0,0,0,0,0,0,0,0,0,3,0,0,0,0,0,0,0,0,0,0,2,337,0,0,0,0,0,26,20,295,0,0,0,29,0,5,0,0,0,0,0,0,0,0,1,0,0,0,0,32,0,0,0,0,14,38,1,0,5,0,0,37,0,0,115,42,0,0,5,6,0,12,0,0,0,1,38,0,0,0,0,0,3,0,54,0,0,1,4,0,0,0,0,0,0,0,0,0,316,0,0,2,0,0,50,0,0,2,0,0,2,0,0,0,0,0,7,0,0,4,0,0,0,0,0,0,0,0,8,0,0,0,8,3,0,1,0,0,0,133,39,0,0,0,140,0,0,0,0,0,0,0,0,559,0,0,8,0,1,0,85,11,0,0,0,0,0,5,0,0,0,0,0,22,27,10,0,48,11,0,13,0,0,0,0,0,0,0,0,273,0,0,0,1,0,0,0,6,0,0,4,0,0,0,0,0,1,26,0,13,16,63,0,0,0,1,0,0,3,0,3,0,5,0,0,0,0,1,0,0,0,0,7,0,0,0,0,0,1,0,0,0,0,0,0,0,0,0,0,0,53,0,0,1,7,0,0,0,0,0,12,0,0,0,151,20,0,0,9,6,0,0,1737,0,6,87,8,0,1,0,1,0,13,0,0,0,0,0,0,0,0,0,0,2,0,0,0,319,0,78,10,74,0,0,0,1,3,3,1,0,0,0,3,0,0,0,0,0,0,18,0,14,0,41,18,0,0,0,0,1,0,0,0,2,0,44,0,0,1,0,0,0,0,0,0,39,0,0,22,3,0,0,0,0,5,0,0,57,0,0,2,0,2,0,26,19,0,0,0,0,0,0,3,0,5,0,18,0,11,0,0,0,14,0,15,2,25,0,1,0,0,0,0,0,0,0,0,7,6,0,2,8,3,9,0,6,0,0,0,0,75,2,0,3,8,0,0,0,0,0,0,0,0,206,0,0,0,0,0,3,0,0,4,0,0,0,0,0,25,25,164,3,0,3,0,0,0,4,0,0,13,6,0,1,1,0,6,0,0,0,1,0,0,0,0,0,0,0,0,3,0,0,0,0,710,0,1,0,0,0,0,0,0,0,0,0,0,0,0,0,0,0,0,0,0,0,0,0,0,0,0,0,1170,0,3,2,8,0,0,0,0,0,0,0,0,0,0,0,0,0,0,0,0,0,2,4,2,0,0,0,5,0,0,0,0,6,0,0,0,0,0,0,30,0,0,0,0,2,0,0,0,0,0,0,0,0,0,0,0,0,0,0,0,0,0,0,119,0,0,0,0,0,0,0,0,0,0,0,0,0,0,0,0,0,0,0,0,0,0,0,0,0,0,0,862,0,0,0,0,1,0,12,0,0,0,23,0,0,0,0,0,0,0,38,0,0,0,0,0,0,0,0,0,0,0,248,0,0,0,0,1,0,0,0,0,0,0,0,0,0,0,0,0,0,0,0,0,0,0,0,0,0,0,0,0,0,0,0,0,0,0,0,0,0,0,0,0,10,47,0,0,0,0,0,0,0,0,37,2,1,98,8,0,0,55,0,0,0,0,1,7,0,0,0,0,0,0,0,0,0,0,0,0,0,0,0,0,0,0,0,110,0,0,13,0,0,0,0,0,0,0,19,0,0,0,0,0,0,0,0,0,0,0,0,0,0,0,0,0,0,0,0,0,0,0,0,0,0,0,0,0,51,0,0,0,0,0,0,0,0,0,0,0,0,0,0,0,6,0,0,0,0,0,0,0,0,0,0,0,0,0,0,0,0,0,0,3,0,0,0,0,0,0,0,0,0,5,0,0,0,0,0,0,0,0,0,0,0,0,0,0,0,0,4,0,0,0,0,0,0,0,0,0,0,0,0,0,0,0,0,0,775,0,0,0,0,0,0,0,0,0,0,62,0,40,0,15,51,0,0,1,4,0,17,12,1,0,0,286
