B1,0.211,0.21,0.21,0.209,0.21,0.209,0.209,0.209,0.209,0.208,0.209,0.209,0.209,0.208,0.209,0.208,0.208,0.208,0.208,0.208,0.208,0.208,0.208,0.207,0.207,0.207,0.207,0.207,0.207,0.207,0.207,0.207,0.207,0.207,0.207,0.207,0.207,0.206,0.206,0.206,0.206,0.206,0.206,0.206,0.206,0.206,0.206,0.206,0.206,0.205,0.206,0.205,0.206,0.205,0.205,0.205,0.205,0.205,0.205,0.205,0.205,0.205,0.205,0.204,0.204,0.204,0.204,0.204,0.204,0.204,0.204,0.204,0.204,0.204,0.204,0.204,0.204,0.204,0.204,0.204,0.204,0.204,0.204,0.204,0.203,0.204,0.203,0.204,0.203,0.203,0.203,0.203,0.203,0.203,0.203,0.203,0.203,0.203,0.203,0.203,0.203,0.203,0.202,0.203,0.203,0.202,0.202,0.202,0.202,0.202,0.202,0.202,0.202,0.201,0.202,0.201,0.201,0.201,0.201,0.201,0.201,0.201,0.202,0.201,0.201,0.203,0.201,0.201,0.201,0.2,0.2,0.2,0.2,0.2,0.2,0.203,0.2,0.2,0.2,0.2,0.2,0.2,0.199,0.199,0.199,0.199,0.199,0.199,0.199,0.199,0.2,0.199,0.199,0.199,0.199,0.199,0.199,0.199,0.199,0.199,0.199,0.202,0.199,0.198,0.198,0.198,0.198,0.199,0.198,0.198,0.198,0.198,0.198,0.198,0.2,0.198,0.198,0.198,0.198,0.199,0.198,0.198,0.198,0.199,0.199,0.199,0.199,,,,,,
B2,0.225,0.224,0.223,0.222,0.222,0.221,0.22,0.221,0.22,0.22,0.22,0.223,0.222,0.223,0.226,0.231,0.235,0.24,0.251,0.258,0.27,0.281,0.289,0.294,0.295,0.298,0.306,0.307,0.319,0.309,0.314,0.314,0.319,0.318,0.321,0.326,0.328,0.331,0.336,0.36,0.345,0.351,0.358,0.364,0.372,0.38,0.39,0.395,0.398,0.399,0.401,0.402,0.404,0.405,0.406,0.408,0.408,0.409,0.41,0.412,0.414,0.416,0.419,0.423,0.428,0.433,0.441,0.449,0.458,0.469,0.482,0.496,0.512,0.529,0.55,0.573,0.599,0.627,0.662,0.697,0.738,0.783,0.825,0.868,0.906,0.939,0.967,0.99,1.007,1.02,1.03,1.034,1.038,1.04,1.041,1.041,1.04,1.038,1.036,1.033,1.031,1.026,1.025,1.021,1.019,1.016,1.013,1.009,1.007,1.003,1.001,0.998,0.995,0.993,0.989,0.986,0.983,0.979,0.977,0.975,0.97,0.966,0.964,0.96,0.956,0.953,0.949,0.946,0.942,0.938,0.935,0.929,0.926,0.921,0.916,0.913,0.906,0.902,0.898,0.895,0.891,0.888,0.885,0.88,0.876,0.872,0.869,0.865,0.861,0.857,0.854,0.852,0.849,0.845,0.84,0.837,0.832,0.828,0.826,0.797,0.793,0.788,0.784,0.78,0.776,0.773,0.77,0.765,0.76,0.756,0.753,0.748,0.745,0.74,0.736,0.732,0.718,0.714,0.712,0.711,0.707,0.705,0.703,0.701,0.699,0.696,0.693,,,,,,
B3,0.217,0.216,0.215,0.214,0.214,0.214,0.213,0.213,0.213,0.212,0.212,0.212,0.211,0.211,0.211,0.21,0.211,0.21,0.21,0.21,0.209,0.209,0.209,0.209,0.209,0.209,0.209,0.209,0.209,0.209,0.209,0.209,0.209,0.21,0.21,0.21,0.211,0.211,0.212,0.213,0.213,0.214,0.216,0.219,0.217,0.219,0.221,0.223,0.225,0.228,0.231,0.234,0.237,0.24,0.242,0.244,0.244,0.244,0.245,0.246,0.246,0.243,0.241,0.242,0.247,0.241,0.241,0.242,0.243,0.242,0.244,0.245,0.245,0.245,0.246,0.247,0.247,0.248,0.248,0.249,0.249,0.25,0.251,0.251,0.252,0.252,0.252,0.253,0.253,0.25,0.25,0.25,0.251,0.252,0.252,0.253,0.253,0.253,0.254,0.256,0.257,0.256,0.257,0.259,0.26,0.26,0.261,0.262,0.258,0.26,0.26,0.26,0.261,0.262,0.263,0.264,0.265,0.265,0.264,0.264,0.265,0.264,0.264,0.263,0.264,0.263,0.264,0.263,0.264,0.263,0.263,0.262,0.266,0.262,0.262,0.262,0.261,0.261,0.261,0.261,0.262,0.262,0.262,0.261,0.261,0.261,0.262,0.262,0.261,0.261,0.261,0.261,0.261,0.26,0.26,0.261,0.26,0.261,0.26,0.26,0.26,0.26,0.259,0.259,0.259,0.259,0.259,0.258,0.258,0.258,0.258,0.258,0.258,0.257,0.257,0.257,0.257,0.257,0.256,0.256,0.256,0.256,0.256,0.256,0.256,0.255,0.255,,,,,,
B4,0.206,0.205,0.205,0.204,0.204,0.204,0.203,0.203,0.203,0.203,0.203,0.202,0.202,0.202,0.203,0.203,0.204,0.205,0.206,0.209,0.213,0.217,0.222,0.232,0.242,0.258,0.268,0.274,0.279,0.284,0.289,0.298,0.303,0.317,0.334,0.353,0.372,0.387,0.403,0.414,0.429,0.438,0.437,0.435,0.436,0.435,0.434,0.435,0.435,0.434,0.435,0.436,0.435,0.434,0.434,0.435,0.436,0.438,0.439,0.44,0.441,0.442,0.445,0.447,0.45,0.451,0.452,0.452,0.454,0.455,0.457,0.458,0.459,0.461,0.464,0.465,0.468,0.471,0.474,0.475,0.477,0.478,0.479,0.481,0.481,0.484,0.485,0.485,0.485,0.487,0.488,0.489,0.488,0.489,0.492,0.491,0.492,0.493,0.495,0.496,0.499,0.499,0.502,0.504,0.506,0.508,0.511,0.515,0.521,0.527,0.534,0.54,0.548,0.557,0.566,0.576,0.586,0.598,0.612,0.626,0.637,0.653,0.67,0.68,0.692,0.705,0.714,0.723,0.729,0.736,0.739,0.741,0.746,0.748,0.747,0.746,0.743,0.737,0.737,0.725,0.715,0.701,0.69,0.679,0.667,0.661,0.653,0.647,0.644,0.637,0.636,0.633,0.629,0.627,0.624,0.622,0.62,0.619,0.618,0.615,0.614,0.614,0.613,0.611,0.609,0.608,0.608,0.607,0.604,0.605,0.604,0.603,0.602,0.599,0.598,0.597,0.597,0.596,0.597,0.595,0.594,0.592,0.593,0.593,0.59,0.592,0.589,,,,,,
B5,0.208,0.207,0.206,0.206,0.206,0.205,0.206,0.205,0.205,0.205,0.205,0.205,0.205,0.206,0.207,0.208,0.211,0.214,0.218,0.225,0.233,0.245,0.259,0.274,0.28,0.283,0.284,0.289,0.288,0.291,0.299,0.297,0.301,0.306,0.312,0.32,0.329,0.337,0.348,0.36,0.369,0.382,0.393,0.404,0.41,0.415,0.417,0.42,0.423,0.425,0.443,0.43,0.433,0.437,0.441,0.446,0.451,0.459,0.467,0.475,0.482,0.488,0.493,0.496,0.5,0.502,0.508,0.512,0.518,0.525,0.533,0.543,0.556,0.571,0.589,0.611,0.637,0.668,0.705,0.744,0.788,0.828,0.864,0.892,0.91,0.922,0.931,0.937,0.943,0.947,0.95,0.952,0.953,0.953,0.955,0.956,0.955,0.954,0.954,0.953,0.95,0.948,0.947,0.944,0.942,0.939,0.937,0.934,0.932,0.928,0.926,0.923,0.92,0.917,0.914,0.912,0.909,0.906,0.904,0.9,0.898,0.896,0.893,0.891,0.889,0.886,0.884,0.882,0.88,0.878,0.876,0.873,0.871,0.87,0.868,0.865,0.863,0.86,0.859,0.857,0.853,0.851,0.85,0.846,0.844,0.841,0.84,0.838,0.834,0.831,0.828,0.825,0.823,0.823,0.816,0.814,0.81,0.812,0.805,0.802,0.799,0.797,0.796,0.791,0.797,0.785,0.788,0.78,0.779,0.776,0.773,0.771,0.775,0.764,0.78,0.76,0.758,0.754,0.756,0.751,0.76,0.747,0.742,0.746,0.739,0.748,0.733,,,,,,
B6,0.22,0.22,0.219,0.219,0.219,0.219,0.218,0.218,0.218,0.218,0.217,0.218,0.218,0.219,0.22,0.221,0.223,0.228,0.232,0.239,0.249,0.262,0.277,0.292,0.298,0.303,0.308,0.315,0.323,0.329,0.34,0.353,0.368,0.382,0.396,0.412,0.426,0.438,0.453,0.466,0.474,0.477,0.479,0.479,0.481,0.482,0.482,0.484,0.483,0.484,0.485,0.486,0.486,0.487,0.488,0.488,0.489,0.49,0.49,0.491,0.492,0.494,0.495,0.496,0.498,0.498,0.5,0.503,0.505,0.509,0.512,0.513,0.514,0.517,0.518,0.519,0.521,0.521,0.523,0.523,0.525,0.524,0.524,0.525,0.524,0.526,0.526,0.526,0.526,0.527,0.528,0.528,0.528,0.53,0.531,0.532,0.535,0.537,0.54,0.543,0.545,0.548,0.553,0.555,0.559,0.562,0.566,0.569,0.573,0.577,0.582,0.587,0.592,0.599,0.606,0.613,0.62,0.625,0.632,0.639,0.643,0.65,0.655,0.659,0.665,0.668,0.673,0.677,0.681,0.682,0.687,0.69,0.694,0.696,0.698,0.7,0.703,0.705,0.708,0.71,0.711,0.713,0.715,0.716,0.716,0.719,0.72,0.719,0.721,0.721,0.722,0.722,0.724,0.724,0.723,0.724,0.724,0.725,0.725,0.725,0.726,0.725,0.727,0.725,0.725,0.725,0.725,0.726,0.722,0.723,0.724,0.723,0.723,0.721,0.72,0.719,0.719,0.718,0.721,0.719,0.718,0.716,0.717,0.717,0.715,0.717,0.713,,,,,,
B7,0.223,0.223,0.223,0.222,0.222,0.222,0.222,0.223,0.223,0.223,0.223,0.224,0.225,0.227,0.228,0.231,0.236,0.247,0.24,0.244,0.249,0.29,0.365,0.292,0.314,0.372,0.551,0.459,0.425,0.322,0.43,0.336,0.355,0.422,0.402,0.384,0.38,0.396,0.396,0.402,0.406,0.386,0.385,0.39,0.375,0.363,0.361,0.359,0.353,0.354,0.354,0.357,0.354,0.352,0.349,0.347,0.345,0.343,0.34,0.337,0.334,0.332,0.33,0.326,0.322,0.318,0.315,0.312,0.309,0.306,0.303,0.302,0.298,0.297,0.294,0.293,0.29,0.288,0.286,0.283,0.282,0.28,0.279,0.278,0.276,0.285,0.283,0.284,0.283,0.28,0.279,0.278,0.277,0.275,0.273,0.271,0.271,0.27,0.27,0.269,0.268,0.266,0.267,0.266,0.265,0.264,0.263,0.263,0.263,0.264,0.262,0.262,0.261,0.259,0.259,0.259,0.259,0.258,0.261,0.264,0.263,0.262,0.262,0.261,0.26,0.26,0.259,0.257,0.259,0.26,0.259,0.257,0.257,0.257,0.256,0.255,0.255,0.255,0.255,0.256,0.254,0.254,0.254,0.251,0.251,0.251,0.251,0.251,0.25,0.25,0.249,0.249,0.25,0.249,0.25,0.249,0.248,0.249,0.248,0.248,0.249,0.248,0.248,0.248,0.251,0.25,0.251,0.25,0.25,0.25,0.249,0.249,0.248,0.248,0.247,0.247,0.246,0.247,0.247,0.247,0.247,0.247,0.246,0.247,0.253,0.248,0.247,,,,,,
B8,2.08,1.678,1.373,1.284,1.263,1.258,1.267,1.279,1.294,1.306,1.319,1.328,1.334,1.338,1.339,1.344,1.349,1.348,1.352,1.352,1.356,1.358,1.357,1.358,1.359,1.36,1.36,1.359,1.356,1.355,1.352,1.349,1.348,1.34,1.336,1.331,1.327,1.32,1.314,1.308,1.301,1.295,1.291,1.285,1.282,1.277,1.271,1.266,1.261,1.255,1.249,1.239,1.236,1.228,1.221,1.214,1.207,1.196,1.186,1.175,1.163,1.147,1.135,1.121,1.099,1.078,1.045,1.012,0.976,0.935,0.898,0.86,0.824,0.792,0.761,0.732,0.717,0.686,0.665,0.647,0.633,0.618,0.633,0.619,0.609,0.6,0.589,0.561,0.552,0.547,0.54,0.536,0.534,0.524,0.525,0.524,0.519,0.517,0.519,0.515,0.515,0.516,0.514,0.515,0.516,0.515,0.516,0.516,0.518,0.519,0.519,0.52,0.521,0.521,0.523,0.523,0.525,0.526,0.525,0.527,0.527,0.53,0.529,0.532,0.531,0.533,0.533,0.536,0.535,0.537,0.537,0.539,0.54,0.541,0.542,0.542,0.543,0.545,0.545,0.545,0.546,0.546,0.548,0.549,0.549,0.55,0.55,0.55,0.551,0.552,0.553,0.554,0.555,0.552,0.555,0.554,0.554,0.554,0.554,0.555,0.555,0.556,0.555,0.554,0.555,0.557,0.555,0.556,0.556,0.556,0.556,0.556,0.556,0.555,0.559,0.558,0.558,0.557,0.556,0.556,0.557,0.557,0.557,0.558,0.559,0.559,0.562,,,,,,
B9,0.449,0.336,0.34,0.363,0.382,0.396,0.407,0.418,0.425,0.431,0.438,0.442,0.447,0.449,0.452,0.456,0.46,0.46,0.462,0.465,0.465,0.467,0.466,0.469,0.467,0.47,0.468,0.469,0.47,0.471,0.471,0.473,0.473,0.475,0.473,0.47,0.471,0.469,0.466,0.463,0.464,0.464,0.464,0.462,0.459,0.459,0.455,0.453,0.454,0.45,0.447,0.443,0.44,0.438,0.433,0.43,0.427,0.424,0.42,0.417,0.414,0.411,0.407,0.405,0.401,0.399,0.395,0.392,0.388,0.384,0.382,0.378,0.375,0.374,0.37,0.368,0.365,0.363,0.359,0.358,0.357,0.353,0.351,0.348,0.345,0.342,0.34,0.337,0.338,0.335,0.333,0.332,0.33,0.328,0.327,0.325,0.323,0.322,0.321,0.319,0.318,0.317,0.316,0.315,0.314,0.314,0.313,0.311,0.31,0.309,0.309,0.308,0.307,0.307,0.306,0.306,0.305,0.304,0.304,0.304,0.303,0.303,0.303,0.302,0.302,0.302,0.301,0.301,0.301,0.3,0.3,0.299,0.299,0.299,0.298,0.298,0.298,0.297,0.297,0.297,0.296,0.295,0.296,0.295,0.295,0.294,0.294,0.294,0.293,0.293,0.293,0.292,0.292,0.292,0.291,0.291,0.291,0.29,0.29,0.289,0.29,0.289,0.288,0.288,0.287,0.287,0.287,0.287,0.286,0.286,0.285,0.285,0.285,0.284,0.284,0.284,0.283,0.282,0.282,0.282,0.281,0.28,0.28,0.28,0.279,0.279,0.279,,,,,,
B10,0.208,0.207,0.207,0.221,0.243,0.264,0.277,0.289,0.299,0.306,0.314,0.319,0.325,0.328,0.329,0.331,0.337,0.336,0.34,0.341,0.344,0.343,0.347,0.348,0.347,0.348,0.348,0.348,0.349,0.352,0.351,0.352,0.356,0.357,0.354,0.352,0.353,0.354,0.402,0.354,0.353,0.361,0.373,0.353,0.395,0.354,0.409,0.477,0.353,0.395,0.412,0.363,0.441,0.377,0.351,0.388,0.382,0.369,0.337,0.337,0.327,0.317,0.316,0.315,0.319,0.301,0.306,0.301,0.299,0.293,0.289,0.285,0.279,0.277,0.279,0.277,0.27,0.275,0.274,0.264,0.261,0.26,0.258,0.254,0.252,0.252,0.248,0.254,0.248,0.243,0.241,0.242,0.241,0.238,0.234,0.23,0.23,0.229,0.229,0.226,0.224,0.226,0.221,0.221,0.22,0.219,0.215,0.214,0.215,0.216,0.212,0.21,0.21,0.21,0.207,0.212,0.211,0.209,0.213,0.209,0.204,0.214,0.205,0.205,0.209,0.203,0.203,0.201,0.203,0.201,0.206,0.204,0.203,0.201,0.212,0.201,0.199,0.201,0.203,0.206,0.202,0.202,0.201,0.204,0.204,0.2,0.198,0.198,0.198,0.199,0.199,0.197,0.203,0.199,0.202,0.197,0.198,0.198,0.201,0.199,0.199,0.205,0.205,0.199,0.197,0.198,0.197,0.201,0.198,0.202,0.196,0.201,0.199,0.197,0.21,0.197,0.195,0.197,0.197,0.195,0.197,0.197,0.196,0.2,0.196,0.197,0.203,,,,,,
B11,0.21,0.21,0.21,0.209,0.209,0.209,0.209,0.21,0.21,0.21,0.211,0.212,0.211,0.211,0.211,0.212,0.213,0.21,0.212,0.217,0.212,0.211,0.211,0.212,0.213,0.214,0.215,0.217,0.218,0.225,0.222,0.223,0.223,0.223,0.225,0.228,0.228,0.231,0.233,0.234,0.235,0.236,0.236,0.235,0.235,0.234,0.234,0.233,0.234,0.233,0.232,0.232,0.231,0.232,0.231,0.232,0.23,0.23,0.229,0.229,0.229,0.229,0.229,0.228,0.228,0.227,0.227,0.227,0.226,0.226,0.226,0.228,0.228,0.229,0.229,0.228,0.227,0.227,0.227,0.226,0.226,0.234,0.242,0.24,0.238,0.238,0.236,0.235,0.24,0.238,0.236,0.236,0.233,0.232,0.23,0.228,0.227,0.225,0.224,0.222,0.221,0.22,0.219,0.217,0.215,0.214,0.213,0.212,0.211,0.21,0.209,0.208,0.207,0.207,0.206,0.205,0.204,0.203,0.203,0.202,0.201,0.201,0.201,0.2,0.2,0.199,0.198,0.202,0.202,0.2,0.2,0.199,0.199,0.199,0.198,0.198,0.197,0.197,0.197,0.196,0.196,0.196,0.195,0.195,0.195,0.195,0.195,0.194,0.194,0.194,0.195,0.194,0.195,0.194,0.194,0.193,0.193,0.194,0.193,0.194,0.193,0.193,0.193,0.193,0.193,0.192,0.193,0.193,0.193,0.193,0.193,0.192,0.192,0.191,0.191,0.191,0.191,0.191,0.191,0.19,0.19,0.197,0.196,0.196,0.195,0.194,0.194,,,,,,
C2,0.219,0.219,0.218,0.218,0.218,0.217,0.217,0.216,0.216,0.216,0.216,0.216,0.216,0.217,0.218,0.22,0.224,0.229,0.236,0.246,0.259,0.272,0.284,0.293,0.298,0.3,0.301,0.311,0.306,0.308,0.309,0.318,0.319,0.318,0.319,0.321,0.321,0.323,0.326,0.329,0.333,0.336,0.339,0.344,0.35,0.353,0.359,0.365,0.372,0.378,0.382,0.384,0.385,0.386,0.387,0.388,0.388,0.39,0.39,0.392,0.393,0.394,0.396,0.397,0.4,0.402,0.405,0.409,0.413,0.419,0.425,0.432,0.441,0.45,0.461,0.475,0.493,0.513,0.536,0.559,0.586,0.615,0.648,0.685,0.723,0.765,0.807,0.849,0.889,0.93,0.969,1.003,1.031,1.055,1.074,1.091,1.105,1.117,1.124,1.13,1.134,1.133,1.134,1.133,1.131,1.127,1.125,1.126,1.123,1.123,1.121,1.12,1.117,1.116,1.114,1.113,1.112,1.11,1.109,1.108,1.106,1.107,1.106,1.105,1.105,1.105,1.104,1.103,1.103,1.102,1.102,1.101,1.102,1.102,1.102,1.101,1.101,1.101,1.101,1.101,1.102,1.101,1.101,1.1,1.099,1.096,1.095,1.096,1.094,1.094,1.095,1.093,1.093,1.093,1.092,1.092,1.09,1.09,1.089,1.088,1.087,1.087,1.085,1.084,1.083,1.082,1.08,1.078,1.076,1.076,1.074,1.073,1.072,1.07,1.069,1.067,1.065,1.064,1.062,1.06,1.059,1.056,1.056,1.054,1.05,1.048,1.045,,,,,,
C3,0.208,0.207,0.206,0.206,0.206,0.206,0.205,0.206,0.205,0.205,0.205,0.204,0.204,0.204,0.204,0.203,0.203,0.203,0.203,0.203,0.203,0.203,0.203,0.202,0.202,0.202,0.202,0.202,0.202,0.202,0.202,0.202,0.202,0.202,0.203,0.203,0.203,0.204,0.205,0.205,0.206,0.207,0.208,0.209,0.21,0.213,0.215,0.218,0.22,0.224,0.227,0.23,0.229,0.23,0.229,0.23,0.231,0.232,0.233,0.234,0.235,0.234,0.234,0.235,0.236,0.236,0.237,0.237,0.238,0.238,0.239,0.24,0.238,0.238,0.239,0.24,0.24,0.241,0.242,0.242,0.244,0.245,0.246,0.247,0.247,0.248,0.249,0.247,0.247,0.248,0.249,0.25,0.25,0.251,0.252,0.253,0.254,0.255,0.256,0.257,0.259,0.258,0.26,0.262,0.262,0.262,0.263,0.264,0.265,0.267,0.267,0.266,0.267,0.267,0.267,0.267,0.267,0.266,0.267,0.267,0.267,0.266,0.266,0.266,0.266,0.266,0.266,0.265,0.265,0.265,0.266,0.265,0.265,0.265,0.265,0.264,0.264,0.264,0.264,0.265,0.265,0.263,0.263,0.263,0.262,0.262,0.262,0.262,0.262,0.262,0.262,0.262,0.261,0.261,0.261,0.261,0.261,0.261,0.261,0.261,0.26,0.261,0.26,0.26,0.26,0.26,0.26,0.26,0.26,0.26,0.26,0.26,0.26,0.26,0.26,0.259,0.259,0.259,0.259,0.259,0.259,0.258,0.259,0.259,0.258,0.259,0.258,,,,,,
C4,0.206,0.205,0.205,0.204,0.204,0.204,0.203,0.203,0.203,0.203,0.203,0.203,0.203,0.203,0.204,0.204,0.206,0.207,0.21,0.213,0.217,0.224,0.235,0.247,0.263,0.28,0.288,0.292,0.296,0.304,0.311,0.32,0.332,0.35,0.37,0.379,0.397,0.412,0.427,0.442,0.452,0.452,0.452,0.452,0.453,0.452,0.452,0.452,0.452,0.45,0.45,0.45,0.45,0.45,0.451,0.451,0.452,0.451,0.451,0.451,0.452,0.452,0.454,0.454,0.455,0.456,0.458,0.458,0.459,0.461,0.462,0.463,0.464,0.467,0.468,0.47,0.472,0.475,0.479,0.477,0.481,0.482,0.483,0.48,0.481,0.484,0.485,0.485,0.485,0.485,0.485,0.485,0.484,0.484,0.485,0.484,0.483,0.483,0.481,0.481,0.481,0.48,0.48,0.48,0.478,0.477,0.476,0.476,0.476,0.476,0.476,0.476,0.475,0.475,0.473,0.474,0.473,0.473,0.473,0.471,0.471,0.47,0.471,0.471,0.471,0.471,0.471,0.47,0.47,0.47,0.47,0.47,0.471,0.471,0.472,0.471,0.472,0.473,0.473,0.473,0.474,0.474,0.475,0.475,0.476,0.477,0.478,0.479,0.479,0.48,0.481,0.482,0.483,0.486,0.485,0.487,0.49,0.491,0.493,0.495,0.497,0.5,0.503,0.505,0.507,0.509,0.511,0.513,0.515,0.518,0.52,0.522,0.525,0.526,0.529,0.531,0.533,0.535,0.539,0.54,0.543,0.544,0.547,0.549,0.55,0.552,0.554,,,,,,
C5,0.206,0.205,0.204,0.204,0.204,0.203,0.203,0.203,0.202,0.202,0.202,0.202,0.203,0.203,0.204,0.205,0.207,0.209,0.213,0.218,0.226,0.235,0.246,0.259,0.273,0.277,0.279,0.28,0.282,0.284,0.286,0.289,0.291,0.295,0.3,0.305,0.311,0.32,0.325,0.335,0.342,0.351,0.361,0.371,0.381,0.387,0.39,0.393,0.395,0.396,0.398,0.399,0.408,0.401,0.402,0.403,0.404,0.405,0.407,0.408,0.41,0.411,0.413,0.416,0.419,0.424,0.429,0.437,0.448,0.461,0.479,0.501,0.529,0.563,0.604,0.648,0.694,0.738,0.776,0.801,0.814,0.822,0.829,0.837,0.842,0.848,0.852,0.854,0.859,0.859,0.86,0.86,0.86,0.859,0.86,0.859,0.858,0.857,0.857,0.858,0.855,0.854,0.854,0.852,0.851,0.85,0.849,0.847,0.846,0.844,0.843,0.841,0.84,0.837,0.837,0.835,0.834,0.832,0.83,0.828,0.827,0.826,0.824,0.823,0.822,0.819,0.819,0.817,0.815,0.814,0.813,0.811,0.811,0.809,0.809,0.807,0.804,0.804,0.802,0.802,0.8,0.799,0.798,0.795,0.795,0.793,0.793,0.792,0.791,0.789,0.791,0.787,0.786,0.785,0.783,0.783,0.781,0.78,0.778,0.779,0.778,0.783,0.775,0.774,0.772,0.771,0.77,0.768,0.767,0.766,0.765,0.764,0.763,0.762,0.76,0.759,0.759,0.757,0.757,0.754,0.765,0.752,0.75,0.752,0.76,0.748,0.757,,,,,,
C6,0.21,0.209,0.208,0.207,0.207,0.207,0.207,0.207,0.206,0.206,0.206,0.206,0.206,0.207,0.207,0.208,0.21,0.213,0.216,0.222,0.229,0.241,0.253,0.269,0.283,0.287,0.291,0.297,0.303,0.308,0.318,0.328,0.343,0.356,0.372,0.387,0.403,0.416,0.431,0.445,0.458,0.468,0.469,0.47,0.468,0.468,0.469,0.471,0.471,0.472,0.474,0.475,0.475,0.477,0.477,0.478,0.479,0.48,0.48,0.48,0.482,0.483,0.483,0.484,0.485,0.486,0.489,0.49,0.493,0.495,0.498,0.5,0.504,0.507,0.509,0.509,0.512,0.514,0.517,0.518,0.52,0.521,0.522,0.525,0.525,0.529,0.53,0.531,0.533,0.536,0.538,0.542,0.543,0.548,0.553,0.557,0.564,0.571,0.58,0.59,0.6,0.612,0.626,0.639,0.654,0.671,0.687,0.704,0.721,0.74,0.758,0.773,0.788,0.803,0.813,0.818,0.827,0.831,0.835,0.84,0.842,0.846,0.847,0.848,0.85,0.845,0.843,0.84,0.832,0.823,0.821,0.81,0.803,0.792,0.784,0.776,0.767,0.761,0.753,0.744,0.738,0.731,0.726,0.72,0.715,0.712,0.708,0.704,0.703,0.698,0.697,0.695,0.693,0.691,0.688,0.688,0.686,0.685,0.684,0.683,0.682,0.682,0.682,0.68,0.678,0.678,0.678,0.676,0.674,0.674,0.673,0.673,0.672,0.67,0.668,0.667,0.667,0.667,0.668,0.665,0.666,0.664,0.665,0.664,0.664,0.664,0.662,,,,,,
C7,0.209,0.208,0.206,0.206,0.206,0.206,0.206,0.206,0.206,0.206,0.207,0.207,0.207,0.208,0.209,0.21,0.212,0.214,0.216,0.219,0.223,0.228,0.233,0.239,0.251,0.258,0.265,0.267,0.283,0.283,0.295,0.311,0.316,0.315,0.332,0.387,0.398,0.446,0.483,0.532,0.542,0.539,0.547,0.57,0.572,0.548,0.544,0.568,0.536,0.547,0.537,0.534,0.544,0.527,0.537,0.518,0.569,0.521,0.53,0.528,0.566,0.554,0.535,0.512,0.556,0.53,0.515,0.501,0.526,0.526,0.528,0.516,0.518,0.511,0.488,0.503,0.491,0.453,0.476,0.464,0.488,0.459,0.412,0.456,0.446,0.433,0.421,0.427,0.443,0.43,0.441,0.409,0.43,0.394,0.416,0.396,0.407,0.41,0.437,0.419,0.431,0.405,0.424,0.414,0.417,0.409,0.409,0.39,0.402,0.405,0.423,0.384,0.405,0.389,0.349,0.359,0.347,0.378,0.348,0.343,0.349,0.325,0.361,0.386,0.36,0.359,0.34,0.394,0.369,0.309,0.37,0.363,0.364,0.349,0.348,0.353,0.331,0.389,0.336,0.434,0.385,0.344,0.405,0.346,0.326,0.379,0.342,0.386,0.36,0.301,0.324,0.382,0.353,0.332,0.309,0.362,0.361,0.335,0.356,0.376,0.372,0.396,0.411,0.385,0.39,0.4,0.379,0.343,0.369,0.39,0.333,0.404,0.306,0.327,0.302,0.311,0.346,0.337,0.379,0.299,0.4,0.353,0.393,0.419,0.44,0.377,0.379,,,,,,
C8,2.025,1.507,0.992,0.772,0.676,0.621,0.601,0.59,0.586,0.589,0.589,0.595,0.609,0.624,0.637,0.649,0.663,0.675,0.688,0.699,0.71,0.721,0.731,0.743,0.753,0.763,0.774,0.781,0.788,0.795,0.8,0.805,0.812,0.816,0.821,0.826,0.83,0.833,0.838,0.841,0.843,0.846,0.848,0.848,0.848,0.85,0.85,0.851,0.85,0.85,0.851,0.851,0.851,0.852,0.85,0.85,0.851,0.85,0.848,0.848,0.846,0.844,0.845,0.843,0.843,0.845,0.845,0.845,0.845,0.844,0.844,0.84,0.838,0.834,0.829,0.826,0.819,0.811,0.803,0.793,0.777,0.761,0.742,0.717,0.688,0.661,0.631,0.601,0.573,0.548,0.525,0.504,0.486,0.471,0.465,0.448,0.436,0.428,0.421,0.415,0.412,0.408,0.403,0.401,0.398,0.396,0.396,0.394,0.393,0.393,0.392,0.392,0.392,0.391,0.392,0.391,0.393,0.393,0.393,0.394,0.393,0.395,0.395,0.396,0.396,0.397,0.398,0.398,0.399,0.399,0.401,0.401,0.401,0.402,0.403,0.403,0.402,0.404,0.405,0.406,0.407,0.407,0.407,0.411,0.409,0.41,0.411,0.412,0.412,0.412,0.413,0.413,0.414,0.414,0.415,0.415,0.416,0.416,0.416,0.417,0.417,0.418,0.418,0.418,0.419,0.419,0.42,0.42,0.421,0.421,0.422,0.422,0.422,0.422,0.422,0.423,0.423,0.425,0.424,0.425,0.426,0.427,0.428,0.428,0.43,0.43,0.431,,,,,,
C9,0.277,0.263,0.264,0.264,0.264,0.263,0.263,0.262,0.262,0.26,0.26,0.259,0.259,0.258,0.258,0.257,0.257,0.257,0.256,0.256,0.256,0.256,0.255,0.255,0.255,0.255,0.254,0.254,0.254,0.254,0.254,0.254,0.254,0.254,0.253,0.254,0.253,0.253,0.254,0.253,0.253,0.253,0.253,0.253,0.253,0.252,0.253,0.252,0.252,0.252,0.252,0.252,0.252,0.252,0.252,0.252,0.252,0.252,0.251,0.251,0.251,0.251,0.251,0.251,0.251,0.251,0.251,0.251,0.251,0.251,0.251,0.251,0.25,0.251,0.25,0.251,0.251,0.25,0.25,0.251,0.25,0.25,0.25,0.25,0.25,0.25,0.25,0.25,0.25,0.25,0.25,0.25,0.249,0.249,0.25,0.249,0.249,0.249,0.249,0.249,0.249,0.249,0.249,0.249,0.249,0.249,0.249,0.249,0.249,0.249,0.248,0.249,0.248,0.248,0.248,0.248,0.248,0.248,0.248,0.248,0.248,0.248,0.248,0.248,0.248,0.247,0.247,0.247,0.247,0.247,0.247,0.247,0.247,0.247,0.247,0.246,0.246,0.247,0.246,0.246,0.246,0.246,0.246,0.245,0.246,0.245,0.245,0.245,0.245,0.245,0.245,0.244,0.245,0.244,0.244,0.244,0.244,0.244,0.244,0.244,0.243,0.243,0.243,0.243,0.243,0.243,0.243,0.243,0.242,0.243,0.242,0.242,0.242,0.242,0.242,0.242,0.242,0.242,0.241,0.241,0.241,0.241,0.241,0.241,0.241,0.24,0.24,,,,,,
C10,0.21,0.209,0.21,0.209,0.215,0.223,0.228,0.236,0.243,0.247,0.252,0.254,0.256,0.258,0.258,0.259,0.263,0.258,0.259,0.259,0.258,0.257,0.255,0.252,0.246,0.246,0.24,0.237,0.233,0.233,0.228,0.23,0.222,0.22,0.219,0.216,0.217,0.214,0.278,0.211,0.212,0.237,0.219,0.225,0.248,0.228,0.272,0.224,0.25,0.322,0.281,0.237,0.228,0.229,0.231,0.224,0.223,0.222,0.225,0.22,0.218,0.223,0.222,0.216,0.218,0.216,0.217,0.217,0.217,0.217,0.217,0.218,0.217,0.219,0.219,0.22,0.221,0.221,0.223,0.224,0.226,0.228,0.229,0.231,0.233,0.236,0.237,0.24,0.243,0.247,0.249,0.252,0.255,0.258,0.262,0.266,0.27,0.275,0.282,0.286,0.292,0.295,0.3,0.302,0.303,0.304,0.305,0.307,0.309,0.31,0.311,0.312,0.314,0.315,0.315,0.315,0.315,0.314,0.313,0.313,0.311,0.311,0.311,0.31,0.311,0.31,0.308,0.307,0.307,0.306,0.307,0.306,0.308,0.306,0.305,0.305,0.304,0.302,0.302,0.301,0.3,0.298,0.299,0.297,0.296,0.301,0.3,0.299,0.298,0.297,0.295,0.294,0.293,0.292,0.291,0.291,0.29,0.289,0.288,0.287,0.286,0.287,0.286,0.287,0.286,0.286,0.284,0.284,0.282,0.282,0.281,0.281,0.28,0.278,0.278,0.277,0.276,0.276,0.275,0.273,0.273,0.273,0.272,0.271,0.27,0.269,0.269,,,,,,
C11,0.23,0.229,0.229,0.228,0.227,0.227,0.226,0.227,0.228,0.228,0.229,0.23,0.231,0.232,0.233,0.233,0.236,0.238,0.241,0.245,0.25,0.255,0.256,0.264,0.261,0.266,0.268,0.271,0.277,0.278,0.281,0.286,0.292,0.298,0.3,0.305,0.308,0.313,0.316,0.32,0.324,0.324,0.325,0.325,0.323,0.32,0.318,0.318,0.316,0.316,0.313,0.312,0.309,0.306,0.307,0.306,0.304,0.302,0.299,0.297,0.297,0.296,0.295,0.294,0.294,0.291,0.293,0.291,0.29,0.289,0.288,0.288,0.286,0.286,0.285,0.285,0.284,0.284,0.283,0.281,0.28,0.28,0.288,0.285,0.284,0.281,0.279,0.287,0.284,0.279,0.277,0.275,0.271,0.269,0.267,0.265,0.263,0.261,0.26,0.259,0.258,0.256,0.255,0.253,0.25,0.248,0.249,0.248,0.247,0.246,0.245,0.244,0.244,0.243,0.242,0.242,0.241,0.24,0.239,0.239,0.238,0.236,0.237,0.236,0.236,0.235,0.235,0.236,0.235,0.235,0.235,0.234,0.235,0.234,0.233,0.233,0.233,0.231,0.231,0.231,0.232,0.231,0.231,0.23,0.229,0.23,0.23,0.229,0.229,0.229,0.229,0.228,0.228,0.228,0.227,0.227,0.227,0.228,0.227,0.227,0.226,0.227,0.228,0.228,0.228,0.228,0.228,0.228,0.227,0.228,0.227,0.227,0.226,0.226,0.226,0.226,0.226,0.225,0.225,0.225,0.226,0.225,0.225,0.225,0.224,0.224,0.224,,,,,,
D2,0.211,0.21,0.21,0.209,0.209,0.209,0.208,0.208,0.208,0.208,0.208,0.207,0.207,0.208,0.209,0.209,0.211,0.214,0.218,0.223,0.231,0.24,0.249,0.258,0.26,0.262,0.264,0.271,0.266,0.268,0.269,0.276,0.274,0.281,0.276,0.279,0.286,0.282,0.286,0.289,0.292,0.295,0.299,0.304,0.308,0.313,0.318,0.325,0.331,0.336,0.338,0.34,0.34,0.342,0.342,0.343,0.344,0.344,0.346,0.347,0.348,0.348,0.35,0.351,0.353,0.355,0.357,0.36,0.363,0.367,0.372,0.377,0.384,0.392,0.4,0.411,0.422,0.436,0.454,0.472,0.493,0.517,0.543,0.575,0.608,0.646,0.689,0.731,0.776,0.82,0.863,0.904,0.942,0.975,1.007,1.031,1.05,1.068,1.081,1.094,1.105,1.112,1.116,1.119,1.117,1.114,1.112,1.11,1.108,1.108,1.107,1.107,1.107,1.106,1.104,1.103,1.103,1.099,1.1,1.1,1.098,1.097,1.097,1.096,1.096,1.096,1.097,1.096,1.097,1.097,1.097,1.097,1.099,1.099,1.1,1.101,1.102,1.102,1.102,1.103,1.103,1.104,1.105,1.104,1.105,1.106,1.105,1.106,1.106,1.106,1.106,1.104,1.105,1.104,1.103,1.104,1.103,1.102,1.101,1.1,1.1,1.098,1.097,1.096,1.095,1.094,1.092,1.091,1.089,1.088,1.086,1.085,1.083,1.083,1.081,1.079,1.077,1.076,1.075,1.073,1.071,1.07,1.068,1.067,1.065,1.062,1.06,,,,,,
D3,0.211,0.21,0.209,0.209,0.209,0.209,0.209,0.208,0.208,0.207,0.207,0.207,0.207,0.206,0.207,0.206,0.206,0.206,0.206,0.206,0.206,0.206,0.205,0.205,0.205,0.205,0.205,0.205,0.205,0.205,0.205,0.205,0.205,0.205,0.205,0.206,0.206,0.208,0.207,0.208,0.209,0.21,0.212,0.212,0.213,0.215,0.217,0.219,0.222,0.224,0.228,0.232,0.236,0.239,0.243,0.245,0.247,0.246,0.247,0.247,0.249,0.247,0.246,0.244,0.244,0.244,0.245,0.245,0.246,0.245,0.246,0.245,0.245,0.247,0.246,0.248,0.248,0.249,0.25,0.251,0.252,0.253,0.253,0.253,0.254,0.255,0.255,0.256,0.257,0.256,0.257,0.257,0.257,0.258,0.258,0.259,0.26,0.261,0.262,0.263,0.263,0.264,0.265,0.266,0.259,0.26,0.261,0.261,0.263,0.264,0.265,0.265,0.266,0.266,0.265,0.267,0.267,0.267,0.267,0.266,0.266,0.266,0.266,0.266,0.266,0.266,0.266,0.266,0.265,0.265,0.266,0.266,0.265,0.266,0.265,0.265,0.265,0.264,0.265,0.265,0.265,0.264,0.264,0.264,0.264,0.264,0.264,0.263,0.262,0.262,0.263,0.262,0.262,0.262,0.261,0.262,0.261,0.261,0.261,0.261,0.261,0.261,0.261,0.26,0.26,0.26,0.26,0.26,0.259,0.259,0.259,0.259,0.26,0.259,0.259,0.258,0.258,0.258,0.257,0.257,0.258,0.257,0.257,0.258,0.257,0.257,0.257,,,,,,
D4,0.206,0.205,0.204,0.204,0.204,0.204,0.204,0.203,0.203,0.203,0.203,0.203,0.203,0.203,0.203,0.204,0.204,0.205,0.207,0.208,0.212,0.216,0.222,0.233,0.247,0.262,0.275,0.279,0.282,0.292,0.297,0.302,0.309,0.32,0.335,0.354,0.371,0.39,0.408,0.424,0.441,0.459,0.474,0.477,0.48,0.48,0.481,0.478,0.478,0.476,0.476,0.478,0.478,0.478,0.479,0.48,0.481,0.481,0.482,0.484,0.484,0.484,0.486,0.487,0.488,0.489,0.491,0.492,0.493,0.495,0.497,0.5,0.503,0.506,0.509,0.512,0.516,0.521,0.516,0.522,0.53,0.537,0.548,0.559,0.573,0.585,0.599,0.613,0.627,0.642,0.652,0.661,0.67,0.677,0.678,0.682,0.682,0.686,0.686,0.686,0.683,0.68,0.677,0.671,0.667,0.657,0.65,0.641,0.632,0.625,0.619,0.612,0.608,0.604,0.6,0.596,0.592,0.588,0.586,0.584,0.58,0.579,0.577,0.575,0.574,0.571,0.57,0.568,0.567,0.566,0.566,0.563,0.563,0.562,0.56,0.56,0.559,0.557,0.558,0.557,0.56,0.555,0.553,0.553,0.552,0.552,0.551,0.55,0.549,0.548,0.549,0.547,0.546,0.546,0.545,0.544,0.544,0.543,0.542,0.541,0.541,0.54,0.54,0.54,0.539,0.539,0.539,0.538,0.537,0.536,0.535,0.535,0.535,0.534,0.533,0.532,0.532,0.531,0.532,0.531,0.531,0.529,0.528,0.529,0.529,0.529,0.528,,,,,,
D5,0.214,0.213,0.212,0.212,0.212,0.211,0.211,0.211,0.21,0.21,0.21,0.209,0.21,0.21,0.21,0.211,0.212,0.213,0.216,0.22,0.225,0.232,0.241,0.252,0.265,0.272,0.275,0.278,0.28,0.283,0.285,0.287,0.29,0.293,0.297,0.302,0.307,0.313,0.32,0.328,0.335,0.344,0.353,0.364,0.372,0.387,0.387,0.391,0.392,0.394,0.395,0.396,0.397,0.398,0.399,0.4,0.401,0.401,0.402,0.404,0.405,0.406,0.408,0.409,0.412,0.415,0.419,0.425,0.434,0.446,0.463,0.484,0.511,0.545,0.587,0.631,0.673,0.717,0.758,0.785,0.8,0.811,0.816,0.824,0.827,0.831,0.835,0.837,0.839,0.839,0.84,0.84,0.838,0.838,0.837,0.835,0.834,0.833,0.831,0.83,0.828,0.826,0.825,0.823,0.821,0.82,0.818,0.816,0.815,0.813,0.811,0.811,0.81,0.807,0.806,0.805,0.804,0.803,0.801,0.8,0.799,0.797,0.796,0.795,0.794,0.792,0.792,0.79,0.789,0.787,0.787,0.785,0.784,0.783,0.781,0.781,0.779,0.778,0.777,0.776,0.775,0.774,0.773,0.771,0.771,0.769,0.769,0.768,0.767,0.765,0.765,0.764,0.763,0.762,0.761,0.76,0.759,0.758,0.757,0.756,0.755,0.755,0.753,0.753,0.752,0.75,0.749,0.748,0.747,0.746,0.745,0.744,0.743,0.742,0.74,0.74,0.739,0.738,0.737,0.735,0.735,0.734,0.732,0.731,0.73,0.73,0.728,,,,,,
D6,0.213,0.212,0.211,0.21,0.21,0.209,0.209,0.208,0.208,0.207,0.207,0.207,0.207,0.207,0.207,0.208,0.209,0.211,0.214,0.218,0.224,0.233,0.244,0.257,0.272,0.278,0.283,0.287,0.293,0.298,0.306,0.315,0.327,0.34,0.355,0.369,0.384,0.397,0.412,0.424,0.436,0.45,0.456,0.456,0.459,0.459,0.46,0.461,0.462,0.462,0.462,0.463,0.464,0.464,0.465,0.466,0.466,0.466,0.466,0.467,0.468,0.468,0.468,0.47,0.47,0.471,0.472,0.474,0.475,0.477,0.479,0.481,0.484,0.486,0.488,0.489,0.491,0.492,0.493,0.495,0.495,0.496,0.497,0.498,0.499,0.499,0.5,0.501,0.502,0.503,0.504,0.507,0.508,0.511,0.515,0.518,0.523,0.528,0.533,0.537,0.543,0.548,0.555,0.563,0.572,0.585,0.598,0.613,0.628,0.644,0.659,0.675,0.692,0.708,0.727,0.741,0.757,0.767,0.779,0.791,0.795,0.806,0.812,0.816,0.822,0.826,0.828,0.829,0.831,0.829,0.83,0.826,0.822,0.813,0.808,0.8,0.793,0.784,0.776,0.768,0.759,0.749,0.743,0.735,0.727,0.72,0.714,0.707,0.705,0.699,0.697,0.693,0.689,0.687,0.684,0.682,0.68,0.678,0.677,0.675,0.674,0.673,0.672,0.671,0.669,0.668,0.668,0.666,0.664,0.663,0.662,0.661,0.661,0.66,0.658,0.656,0.657,0.655,0.657,0.655,0.654,0.654,0.653,0.653,0.652,0.652,0.651,,,,,,
D7,0.203,0.203,0.202,0.202,0.202,0.201,0.202,0.202,0.202,0.202,0.203,0.203,0.204,0.204,0.205,0.206,0.208,0.209,0.211,0.214,0.217,0.223,0.225,0.232,0.25,0.246,0.255,0.259,0.271,0.27,0.274,0.289,0.292,0.311,0.319,0.338,0.349,0.395,0.417,0.484,0.525,0.505,0.566,0.594,0.588,0.581,0.594,0.612,0.567,0.547,0.585,0.575,0.564,0.583,0.475,0.541,0.585,0.531,0.565,0.571,0.592,0.572,0.57,0.561,0.612,0.573,0.567,0.582,0.568,0.595,0.594,0.609,0.568,0.546,0.572,0.548,0.569,0.544,0.563,0.544,0.515,0.513,0.497,0.496,0.496,0.5,0.489,0.471,0.474,0.471,0.49,0.473,0.437,0.452,0.439,0.479,0.433,0.461,0.481,0.43,0.408,0.451,0.454,0.447,0.41,0.421,0.406,0.416,0.366,0.419,0.374,0.431,0.43,0.401,0.378,0.423,0.387,0.362,0.345,0.35,0.341,0.375,0.374,0.332,0.349,0.359,0.374,0.33,0.354,0.372,0.362,0.334,0.374,0.352,0.348,0.31,0.353,0.345,0.334,0.335,0.345,0.306,0.313,0.35,0.35,0.355,0.307,0.318,0.333,0.314,0.337,0.322,0.364,0.33,0.315,0.312,0.292,0.324,0.299,0.305,0.313,0.335,0.36,0.375,0.348,0.338,0.331,0.304,0.296,0.353,0.303,0.295,0.284,0.305,0.308,0.284,0.299,0.313,0.303,0.304,0.323,0.32,0.316,0.32,0.301,0.31,0.308,,,,,,
D8,1.996,1.333,0.751,0.55,0.467,0.427,0.411,0.405,0.406,0.408,0.411,0.415,0.419,0.424,0.429,0.435,0.441,0.447,0.455,0.462,0.469,0.476,0.484,0.491,0.498,0.505,0.511,0.517,0.523,0.527,0.532,0.537,0.542,0.548,0.553,0.559,0.564,0.569,0.574,0.578,0.581,0.585,0.588,0.592,0.593,0.597,0.599,0.602,0.605,0.608,0.61,0.614,0.616,0.619,0.62,0.622,0.624,0.626,0.627,0.629,0.629,0.63,0.632,0.633,0.634,0.634,0.635,0.637,0.637,0.637,0.638,0.637,0.638,0.637,0.637,0.637,0.637,0.637,0.636,0.635,0.632,0.63,0.626,0.622,0.619,0.613,0.605,0.598,0.59,0.579,0.566,0.551,0.532,0.511,0.488,0.464,0.442,0.42,0.399,0.382,0.369,0.354,0.343,0.334,0.325,0.32,0.315,0.31,0.305,0.302,0.299,0.296,0.293,0.291,0.289,0.287,0.285,0.284,0.283,0.284,0.282,0.281,0.281,0.279,0.279,0.279,0.279,0.278,0.277,0.276,0.276,0.276,0.277,0.277,0.277,0.277,0.278,0.278,0.278,0.279,0.28,0.28,0.281,0.281,0.281,0.282,0.283,0.283,0.285,0.285,0.285,0.286,0.287,0.287,0.289,0.289,0.291,0.292,0.293,0.292,0.294,0.295,0.296,0.296,0.298,0.298,0.298,0.302,0.3,0.301,0.301,0.302,0.303,0.304,0.306,0.307,0.308,0.31,0.31,0.311,0.312,0.313,0.314,0.315,0.316,0.317,0.317,,,,,,
D9,0.251,0.248,0.247,0.245,0.245,0.244,0.243,0.242,0.24,0.239,0.239,0.238,0.237,0.237,0.236,0.236,0.235,0.235,0.235,0.234,0.234,0.234,0.233,0.233,0.233,0.232,0.232,0.232,0.231,0.231,0.231,0.231,0.231,0.23,0.23,0.23,0.23,0.229,0.23,0.229,0.229,0.229,0.229,0.229,0.229,0.229,0.228,0.228,0.228,0.228,0.228,0.228,0.228,0.228,0.228,0.227,0.227,0.227,0.227,0.227,0.227,0.227,0.227,0.226,0.226,0.226,0.226,0.226,0.226,0.226,0.226,0.225,0.226,0.226,0.225,0.225,0.225,0.225,0.225,0.225,0.225,0.225,0.224,0.224,0.224,0.224,0.224,0.224,0.224,0.224,0.223,0.224,0.224,0.224,0.224,0.223,0.223,0.223,0.223,0.223,0.223,0.223,0.223,0.223,0.223,0.223,0.222,0.223,0.222,0.223,0.222,0.222,0.222,0.222,0.222,0.222,0.222,0.222,0.222,0.222,0.222,0.221,0.222,0.221,0.222,0.221,0.221,0.222,0.221,0.221,0.221,0.221,0.221,0.221,0.221,0.221,0.221,0.221,0.221,0.22,0.22,0.22,0.22,0.22,0.22,0.22,0.22,0.22,0.22,0.22,0.22,0.22,0.22,0.22,0.22,0.22,0.22,0.22,0.22,0.219,0.219,0.22,0.219,0.219,0.219,0.219,0.219,0.219,0.219,0.219,0.219,0.219,0.219,0.219,0.219,0.219,0.219,0.219,0.219,0.219,0.219,0.218,0.218,0.219,0.218,0.219,0.219,,,,,,
D10,0.212,0.212,0.211,0.211,0.21,0.21,0.209,0.209,0.208,0.208,0.207,0.207,0.207,0.206,0.206,0.206,0.205,0.205,0.205,0.205,0.205,0.205,0.205,0.205,0.205,0.205,0.205,0.205,0.205,0.207,0.206,0.208,0.207,0.206,0.21,0.216,0.207,0.207,0.258,0.207,0.216,0.246,0.21,0.223,0.295,0.263,0.249,0.346,0.248,0.221,0.322,0.275,0.254,0.237,0.229,0.226,0.22,0.224,0.224,0.222,0.221,0.222,0.223,0.223,0.225,0.226,0.228,0.231,0.232,0.233,0.235,0.237,0.239,0.241,0.244,0.246,0.248,0.251,0.254,0.256,0.259,0.263,0.266,0.27,0.274,0.279,0.284,0.29,0.297,0.303,0.31,0.314,0.318,0.321,0.323,0.326,0.33,0.333,0.335,0.337,0.339,0.34,0.342,0.343,0.344,0.344,0.346,0.344,0.346,0.347,0.348,0.348,0.348,0.349,0.35,0.35,0.349,0.349,0.348,0.349,0.347,0.348,0.347,0.346,0.348,0.346,0.346,0.346,0.345,0.344,0.344,0.343,0.345,0.344,0.343,0.342,0.342,0.342,0.341,0.341,0.34,0.339,0.339,0.338,0.337,0.341,0.339,0.338,0.339,0.338,0.337,0.337,0.336,0.335,0.334,0.334,0.333,0.332,0.331,0.331,0.33,0.331,0.33,0.329,0.329,0.328,0.327,0.326,0.326,0.325,0.324,0.323,0.323,0.322,0.321,0.321,0.319,0.319,0.319,0.317,0.317,0.316,0.315,0.315,0.314,0.313,0.312,,,,,,
D11,0.217,0.216,0.216,0.215,0.214,0.215,0.215,0.215,0.215,0.217,0.218,0.219,0.221,0.224,0.225,0.228,0.232,0.236,0.242,0.249,0.253,0.26,0.259,0.267,0.27,0.278,0.286,0.293,0.293,0.296,0.298,0.308,0.309,0.322,0.325,0.334,0.336,0.342,0.344,0.349,0.353,0.352,0.352,0.354,0.352,0.351,0.352,0.351,0.348,0.347,0.346,0.345,0.34,0.338,0.337,0.335,0.334,0.332,0.327,0.32,0.318,0.318,0.322,0.319,0.318,0.314,0.312,0.31,0.306,0.302,0.301,0.3,0.297,0.296,0.293,0.293,0.291,0.291,0.291,0.29,0.293,0.291,0.289,0.286,0.283,0.281,0.28,0.276,0.271,0.267,0.265,0.263,0.26,0.258,0.256,0.255,0.256,0.254,0.253,0.251,0.25,0.248,0.246,0.245,0.243,0.241,0.241,0.239,0.239,0.237,0.237,0.236,0.237,0.237,0.236,0.235,0.235,0.234,0.233,0.233,0.231,0.231,0.23,0.23,0.229,0.229,0.229,0.229,0.228,0.228,0.231,0.23,0.23,0.23,0.23,0.229,0.229,0.228,0.228,0.228,0.228,0.226,0.226,0.226,0.226,0.227,0.227,0.227,0.226,0.226,0.225,0.226,0.225,0.225,0.224,0.224,0.224,0.224,0.224,0.223,0.223,0.224,0.225,0.225,0.224,0.224,0.224,0.224,0.224,0.224,0.223,0.223,0.223,0.222,0.223,0.222,0.222,0.222,0.222,0.222,0.222,0.222,0.222,0.222,0.222,0.222,0.222,,,,,,
E2,0.235,0.235,0.233,0.233,0.233,0.233,0.233,0.233,0.233,0.234,0.233,0.233,0.234,0.236,0.236,0.238,0.243,0.246,0.263,0.266,0.269,0.271,0.274,0.291,0.294,0.294,0.298,0.305,0.312,0.316,0.324,0.33,0.342,0.351,0.374,0.392,0.398,0.394,0.383,0.375,0.378,0.378,0.38,0.381,0.381,0.382,0.384,0.387,0.391,0.395,0.404,0.41,0.417,0.426,0.436,0.447,0.458,0.465,0.472,0.478,0.482,0.486,0.489,0.492,0.495,0.498,0.5,0.502,0.504,0.506,0.508,0.509,0.51,0.512,0.514,0.515,0.516,0.518,0.52,0.521,0.523,0.524,0.526,0.528,0.53,0.531,0.534,0.535,0.536,0.537,0.539,0.54,0.541,0.541,0.543,0.543,0.543,0.544,0.544,0.545,0.545,0.545,0.545,0.546,0.545,0.546,0.546,0.546,0.545,0.545,0.545,0.545,0.545,0.544,0.544,0.544,0.544,0.544,0.543,0.543,0.542,0.542,0.542,0.542,0.542,0.541,0.541,0.54,0.54,0.539,0.539,0.538,0.538,0.537,0.537,0.536,0.536,0.535,0.535,0.534,0.533,0.533,0.533,0.532,0.532,0.532,0.531,0.53,0.529,0.529,0.528,0.528,0.527,0.526,0.526,0.525,0.524,0.524,0.523,0.522,0.522,0.521,0.52,0.519,0.519,0.518,0.517,0.516,0.515,0.515,0.515,0.514,0.513,0.512,0.512,0.511,0.51,0.51,0.509,0.508,0.507,0.507,0.506,0.505,0.505,0.503,0.503,,,,,,
E3,0.205,0.204,0.204,0.204,0.204,0.204,0.204,0.204,0.205,0.205,0.205,0.205,0.205,0.205,0.204,0.203,0.203,0.202,0.202,0.202,0.202,0.202,0.201,0.201,0.201,0.201,0.2,0.2,0.2,0.2,0.2,0.2,0.2,0.2,0.199,0.2,0.199,0.199,0.199,0.199,0.199,0.198,0.199,0.198,0.198,0.198,0.198,0.198,0.198,0.198,0.198,0.198,0.198,0.197,0.198,0.198,0.198,0.198,0.198,0.198,0.198,0.198,0.198,0.198,0.199,0.199,0.199,0.199,0.2,0.2,0.201,0.201,0.201,0.202,0.203,0.203,0.204,0.204,0.205,0.205,0.206,0.207,0.206,0.206,0.206,0.207,0.208,0.209,0.209,0.211,0.213,0.215,0.217,0.219,0.223,0.227,0.23,0.235,0.24,0.245,0.251,0.258,0.265,0.273,0.281,0.289,0.298,0.309,0.319,0.33,0.334,0.338,0.338,0.341,0.344,0.348,0.352,0.356,0.36,0.365,0.37,0.374,0.38,0.385,0.389,0.393,0.399,0.403,0.409,0.413,0.42,0.422,0.429,0.434,0.437,0.441,0.445,0.448,0.451,0.454,0.456,0.459,0.462,0.465,0.467,0.471,0.474,0.477,0.478,0.481,0.485,0.486,0.49,0.491,0.494,0.496,0.498,0.5,0.501,0.503,0.505,0.507,0.509,0.512,0.51,0.511,0.513,0.514,0.513,0.515,0.516,0.516,0.518,0.518,0.518,0.521,0.519,0.52,0.521,0.52,0.522,0.521,0.522,0.523,0.523,0.523,0.524,,,,,,
E4,0.206,0.205,0.205,0.205,0.205,0.205,0.205,0.206,0.207,0.208,0.209,0.207,0.255,0.223,0.372,0.284,0.212,0.218,0.216,0.56,0.46,0.32,0.526,0.628,0.522,0.517,0.887,0.421,0.462,0.248,0.475,0.487,0.367,0.554,0.639,0.76,0.84,0.874,0.685,1.088,0.813,1.068,1.02,1.104,0.844,0.385,0.254,0.914,0.324,0.61,0.931,0.265,0.284,0.778,0.701,0.437,0.442,0.822,0.334,0.402,0.463,0.793,0.424,0.36,0.845,0.551,0.314,0.5,0.465,0.294,0.35,0.353,0.35,0.459,0.373,0.255,0.272,0.296,0.255,0.252,0.249,0.249,0.242,0.239,0.253,0.25,0.24,0.24,0.241,0.242,0.276,0.243,0.252,0.247,0.249,0.259,0.255,0.255,0.249,0.251,0.251,0.251,0.251,0.254,0.253,0.253,0.26,0.296,0.286,0.283,0.298,0.306,0.576,0.534,0.372,0.315,0.333,0.4,0.266,0.305,0.293,0.34,0.304,0.272,0.375,0.291,0.402,0.333,0.371,0.369,0.33,0.306,0.298,0.358,0.3,0.289,0.315,0.316,0.302,0.292,0.348,0.272,0.369,0.278,0.279,0.297,0.265,0.255,0.264,0.323,0.293,0.266,0.284,0.295,0.351,0.295,0.34,0.303,0.332,0.297,0.319,0.281,0.324,0.297,0.331,0.289,0.349,0.339,0.269,0.361,0.352,0.282,0.289,0.279,0.254,0.274,0.244,0.335,0.293,0.288,0.326,0.254,0.262,0.337,0.308,0.349,0.396,,,,,,
E5,0.209,0.208,0.207,0.207,0.207,0.207,0.207,0.207,0.208,0.207,0.208,0.208,0.208,0.209,0.21,0.211,0.212,0.214,0.216,0.22,0.225,0.23,0.237,0.248,0.256,0.27,0.271,0.276,0.279,0.279,0.283,0.309,0.322,0.32,0.358,0.383,0.385,0.424,0.469,0.548,0.545,0.632,0.651,0.68,0.543,0.481,0.432,0.441,0.444,0.449,0.454,0.458,0.463,0.467,0.472,0.475,0.478,0.481,0.484,0.486,0.487,0.49,0.491,0.492,0.494,0.495,0.496,0.606,0.559,0.52,0.513,0.574,0.589,0.611,0.616,0.615,0.624,0.601,0.593,0.607,0.604,0.598,0.59,0.589,0.597,0.579,0.574,0.574,0.554,0.579,0.575,0.564,0.563,0.568,0.572,0.563,0.578,0.569,0.57,0.592,0.552,0.588,0.576,0.576,0.561,0.555,0.533,0.527,0.547,0.557,0.554,0.58,0.531,0.546,0.537,0.57,0.526,0.519,0.515,0.515,0.501,0.528,0.537,0.539,0.527,0.507,0.52,0.524,0.511,0.502,0.494,0.486,0.515,0.501,0.506,0.49,0.497,0.492,0.491,0.475,0.495,0.458,0.482,0.478,0.483,0.502,0.494,0.495,0.487,0.481,0.474,0.473,0.457,0.456,0.461,0.448,0.459,0.463,0.444,0.454,0.461,0.467,0.48,0.494,0.478,0.472,0.441,0.432,0.429,0.435,0.403,0.423,0.403,0.408,0.415,0.423,0.427,0.415,0.385,0.395,0.418,0.391,0.394,0.408,0.383,0.407,0.404,,,,,,
E6,0.206,0.204,0.205,0.204,0.204,0.204,0.204,0.206,0.209,0.213,0.274,0.211,0.255,0.213,0.323,0.491,0.668,0.523,0.657,0.356,0.636,0.713,0.532,0.416,0.342,0.345,0.327,0.314,0.303,0.294,0.288,0.283,0.279,0.276,0.275,0.274,0.273,0.273,0.273,0.273,0.273,0.273,0.273,0.273,0.272,0.269,0.269,0.269,0.268,0.268,0.267,0.267,0.267,0.267,0.266,0.265,0.264,0.264,0.263,0.261,0.261,0.261,0.26,0.257,0.257,0.256,0.256,0.256,0.256,0.255,0.254,0.254,0.254,0.254,0.253,0.253,0.252,0.251,0.251,0.25,0.251,0.251,0.249,0.249,0.248,0.248,0.247,0.248,0.247,0.246,0.246,0.245,0.244,0.245,0.245,0.243,0.243,0.242,0.242,0.242,0.243,0.242,0.242,0.242,0.241,0.253,0.25,0.248,0.247,0.246,0.245,0.245,0.245,0.244,0.243,0.243,0.243,0.243,0.242,0.242,0.242,0.241,0.242,0.241,0.241,0.241,0.242,0.241,0.241,0.24,0.241,0.24,0.241,0.241,0.24,0.24,0.24,0.241,0.241,0.242,0.241,0.242,0.242,0.244,0.248,0.25,0.246,0.247,0.247,0.246,0.246,0.245,0.245,0.245,0.246,0.244,0.244,0.245,0.244,0.244,0.243,0.243,0.243,0.243,0.242,0.243,0.243,0.244,0.243,0.243,0.243,0.242,0.242,0.242,0.242,0.242,0.242,0.241,0.241,0.241,0.241,0.24,0.241,0.243,0.241,0.241,0.241,,,,,,
E7,0.212,0.211,0.211,0.211,0.21,0.21,0.21,0.21,0.21,0.209,0.209,0.209,0.21,0.211,0.213,0.215,0.219,0.224,0.232,0.242,0.255,0.268,0.28,0.287,0.29,0.293,0.294,0.297,0.299,0.313,0.305,0.307,0.31,0.315,0.317,0.321,0.325,0.329,0.335,0.34,0.346,0.354,0.363,0.371,0.382,0.392,0.401,0.406,0.411,0.414,0.418,0.422,0.426,0.43,0.436,0.464,0.449,0.457,0.465,0.471,0.476,0.48,0.483,0.485,0.488,0.49,0.494,0.497,0.502,0.507,0.512,0.52,0.527,0.538,0.549,0.561,0.577,0.593,0.613,0.635,0.657,0.682,0.71,0.743,0.778,0.814,0.855,0.895,0.934,0.968,0.994,1.012,1.027,1.038,1.041,1.039,1.038,1.037,1.037,1.037,1.036,1.036,1.036,1.036,1.034,1.034,1.033,1.031,1.031,1.029,1.028,1.026,1.026,1.023,1.022,1.021,1.02,1.018,1.016,1.015,1.013,1.012,1.011,1.011,1.008,1.007,1.007,1.005,1.003,1.001,1,0.998,0.998,0.996,0.995,0.993,0.991,0.99,0.988,0.986,0.985,0.984,0.983,0.981,0.979,0.977,0.977,0.975,0.974,0.972,0.971,0.969,0.968,0.965,0.965,0.963,0.962,0.96,0.958,0.957,0.956,0.955,0.953,0.952,0.95,0.948,0.948,0.946,0.944,0.942,0.941,0.94,0.938,0.937,0.935,0.934,0.933,0.931,0.93,0.929,0.927,0.925,0.925,0.923,0.921,0.921,0.919,,,,,,
E8,2.027,1.586,1.057,0.815,0.714,0.663,0.631,0.607,0.591,0.589,0.589,0.591,0.595,0.599,0.599,0.606,0.615,0.626,0.638,0.647,0.657,0.667,0.679,0.688,0.698,0.706,0.715,0.722,0.729,0.732,0.738,0.74,0.743,0.744,0.746,0.745,0.745,0.745,0.746,0.745,0.743,0.743,0.741,0.741,0.736,0.734,0.732,0.728,0.724,0.719,0.718,0.713,0.708,0.706,0.7,0.692,0.69,0.683,0.68,0.674,0.668,0.661,0.658,0.652,0.645,0.64,0.636,0.627,0.623,0.616,0.61,0.604,0.6,0.594,0.588,0.581,0.574,0.564,0.561,0.553,0.547,0.54,0.533,0.526,0.52,0.512,0.506,0.502,0.495,0.49,0.483,0.474,0.47,0.466,0.462,0.458,0.452,0.447,0.443,0.44,0.436,0.436,0.433,0.43,0.427,0.425,0.424,0.422,0.422,0.419,0.418,0.418,0.417,0.417,0.416,0.415,0.415,0.414,0.414,0.413,0.412,0.414,0.413,0.414,0.412,0.412,0.411,0.413,0.412,0.411,0.412,0.412,0.411,0.412,0.412,0.412,0.411,0.413,0.412,0.413,0.412,0.412,0.413,0.412,0.411,0.412,0.412,0.413,0.414,0.413,0.414,0.414,0.414,0.414,0.414,0.413,0.413,0.414,0.412,0.412,0.414,0.414,0.415,0.414,0.416,0.415,0.416,0.417,0.416,0.416,0.417,0.417,0.418,0.417,0.416,0.417,0.418,0.418,0.417,0.419,0.419,0.418,0.419,0.42,0.42,0.421,0.42,,,,,,
E9,0.235,0.233,0.231,0.23,0.229,0.227,0.226,0.226,0.225,0.224,0.223,0.222,0.222,0.222,0.221,0.221,0.22,0.22,0.22,0.219,0.219,0.219,0.218,0.218,0.218,0.218,0.217,0.217,0.217,0.217,0.217,0.217,0.216,0.216,0.215,0.216,0.215,0.215,0.215,0.215,0.215,0.215,0.215,0.214,0.214,0.215,0.214,0.214,0.214,0.214,0.214,0.213,0.213,0.213,0.213,0.213,0.213,0.212,0.212,0.213,0.212,0.212,0.212,0.211,0.212,0.211,0.211,0.211,0.211,0.211,0.211,0.211,0.211,0.211,0.21,0.21,0.21,0.21,0.21,0.21,0.21,0.21,0.21,0.21,0.209,0.209,0.209,0.209,0.209,0.209,0.209,0.208,0.208,0.209,0.208,0.208,0.208,0.209,0.208,0.208,0.208,0.208,0.208,0.208,0.208,0.207,0.207,0.207,0.207,0.207,0.207,0.207,0.207,0.207,0.207,0.207,0.207,0.206,0.207,0.206,0.206,0.206,0.206,0.206,0.206,0.206,0.206,0.206,0.206,0.205,0.205,0.205,0.205,0.205,0.205,0.205,0.205,0.205,0.205,0.205,0.204,0.204,0.204,0.204,0.204,0.205,0.204,0.204,0.204,0.204,0.204,0.203,0.204,0.203,0.204,0.203,0.203,0.203,0.203,0.203,0.203,0.203,0.203,0.203,0.203,0.203,0.202,0.202,0.202,0.202,0.202,0.202,0.202,0.202,0.202,0.202,0.202,0.202,0.202,0.202,0.202,0.201,0.201,0.202,0.202,0.202,0.201,,,,,,
E10,0.213,0.213,0.212,0.211,0.211,0.21,0.209,0.208,0.208,0.208,0.207,0.207,0.206,0.207,0.206,0.205,0.205,0.205,0.205,0.205,0.204,0.205,0.204,0.205,0.204,0.204,0.204,0.204,0.204,0.204,0.204,0.205,0.205,0.204,0.204,0.205,0.205,0.205,0.205,0.206,0.207,0.209,0.208,0.209,0.21,0.213,0.214,0.215,0.225,0.23,0.228,0.23,0.239,0.24,0.243,0.271,0.257,0.262,0.262,0.269,0.26,0.263,0.263,0.275,0.271,0.275,0.268,0.267,0.264,0.273,0.265,0.264,0.263,0.273,0.269,0.294,0.269,0.272,0.271,0.277,0.275,0.273,0.274,0.287,0.278,0.284,0.279,0.283,0.293,0.285,0.296,0.291,0.297,0.303,0.306,0.307,0.313,0.315,0.328,0.317,0.318,0.317,0.325,0.333,0.322,0.322,0.327,0.332,0.326,0.329,0.349,0.329,0.329,0.332,0.335,0.335,0.331,0.332,0.333,0.334,0.332,0.333,0.338,0.335,0.335,0.337,0.339,0.338,0.337,0.339,0.338,0.338,0.34,0.338,0.34,0.338,0.338,0.339,0.339,0.339,0.34,0.339,0.339,0.339,0.339,0.342,0.342,0.339,0.341,0.342,0.359,0.34,0.347,0.344,0.351,0.341,0.342,0.345,0.343,0.345,0.348,0.346,0.35,0.345,0.343,0.344,0.345,0.346,0.345,0.343,0.35,0.346,0.347,0.341,0.341,0.341,0.343,0.342,0.34,0.342,0.342,0.35,0.342,0.347,0.345,0.342,0.348,,,,,,
E11,0.212,0.211,0.21,0.21,0.21,0.209,0.209,0.209,0.208,0.208,0.208,0.208,0.207,0.207,0.207,0.208,0.208,0.209,0.211,0.213,0.217,0.223,0.228,0.237,0.245,0.254,0.258,0.26,0.263,0.262,0.262,0.263,0.263,0.263,0.264,0.265,0.265,0.266,0.268,0.27,0.271,0.273,0.275,0.278,0.281,0.284,0.289,0.293,0.299,0.305,0.312,0.32,0.328,0.338,0.347,0.354,0.356,0.358,0.36,0.36,0.361,0.362,0.363,0.364,0.364,0.365,0.365,0.366,0.367,0.368,0.369,0.37,0.371,0.373,0.375,0.377,0.379,0.382,0.386,0.391,0.397,0.406,0.416,0.43,0.447,0.467,0.491,0.52,0.553,0.579,0.609,0.634,0.648,0.657,0.664,0.671,0.677,0.682,0.688,0.691,0.693,0.694,0.696,0.696,0.695,0.696,0.697,0.694,0.695,0.694,0.691,0.691,0.69,0.687,0.687,0.686,0.684,0.682,0.681,0.679,0.677,0.677,0.676,0.674,0.672,0.67,0.67,0.668,0.667,0.664,0.663,0.662,0.661,0.66,0.658,0.657,0.655,0.654,0.653,0.652,0.65,0.649,0.648,0.647,0.646,0.645,0.643,0.641,0.641,0.639,0.639,0.637,0.636,0.635,0.633,0.632,0.631,0.63,0.629,0.628,0.627,0.626,0.626,0.625,0.623,0.622,0.621,0.62,0.618,0.618,0.617,0.616,0.615,0.615,0.614,0.612,0.612,0.612,0.61,0.609,0.608,0.606,0.607,0.607,0.605,0.605,0.604,,,,,,
F2,0.219,0.218,0.217,0.216,0.216,0.216,0.216,0.216,0.216,0.216,0.216,0.216,0.217,0.217,0.218,0.218,0.221,0.224,0.225,0.23,0.236,0.24,0.246,0.251,0.261,0.267,0.272,0.277,0.287,0.289,0.295,0.303,0.313,0.32,0.337,0.353,0.369,0.381,0.386,0.381,0.38,0.385,0.39,0.395,0.399,0.405,0.407,0.415,0.424,0.436,0.45,0.466,0.482,0.493,0.502,0.508,0.512,0.516,0.52,0.522,0.526,0.527,0.53,0.532,0.534,0.536,0.538,0.54,0.541,0.543,0.544,0.546,0.547,0.548,0.549,0.55,0.551,0.552,0.553,0.554,0.555,0.556,0.557,0.558,0.558,0.559,0.561,0.562,0.562,0.564,0.565,0.566,0.568,0.569,0.571,0.572,0.573,0.575,0.578,0.577,0.578,0.58,0.581,0.582,0.583,0.584,0.584,0.585,0.586,0.587,0.587,0.587,0.588,0.588,0.588,0.588,0.589,0.588,0.589,0.589,0.588,0.589,0.589,0.589,0.588,0.588,0.588,0.588,0.588,0.587,0.586,0.586,0.586,0.586,0.585,0.585,0.585,0.584,0.583,0.583,0.582,0.582,0.582,0.581,0.58,0.58,0.58,0.579,0.578,0.578,0.577,0.577,0.577,0.576,0.575,0.575,0.574,0.574,0.573,0.573,0.572,0.571,0.572,0.57,0.57,0.569,0.568,0.568,0.567,0.567,0.566,0.565,0.565,0.564,0.563,0.563,0.562,0.562,0.56,0.561,0.559,0.559,0.558,0.557,0.557,0.556,0.558,,,,,,
F3,0.209,0.208,0.208,0.207,0.207,0.207,0.207,0.207,0.207,0.207,0.207,0.207,0.207,0.207,0.207,0.206,0.206,0.206,0.205,0.205,0.205,0.204,0.204,0.204,0.204,0.203,0.203,0.203,0.203,0.203,0.203,0.202,0.202,0.202,0.202,0.202,0.202,0.202,0.202,0.202,0.202,0.201,0.201,0.201,0.201,0.201,0.201,0.2,0.2,0.2,0.2,0.2,0.2,0.2,0.2,0.199,0.2,0.199,0.199,0.199,0.199,0.199,0.199,0.198,0.199,0.199,0.199,0.199,0.198,0.198,0.199,0.198,0.198,0.199,0.198,0.198,0.198,0.198,0.198,0.198,0.198,0.198,0.197,0.198,0.198,0.198,0.197,0.198,0.197,0.197,0.197,0.197,0.197,0.197,0.197,0.197,0.197,0.197,0.196,0.197,0.197,0.196,0.196,0.197,0.196,0.196,0.196,0.196,0.196,0.196,0.196,0.196,0.196,0.196,0.196,0.196,0.196,0.195,0.195,0.195,0.195,0.195,0.195,0.195,0.195,0.195,0.195,0.195,0.195,0.194,0.195,0.194,0.195,0.195,0.195,0.195,0.194,0.194,0.194,0.194,0.194,0.194,0.194,0.194,0.194,0.194,0.194,0.194,0.193,0.194,0.194,0.194,0.194,0.194,0.193,0.193,0.193,0.193,0.193,0.193,0.193,0.193,0.193,0.193,0.192,0.193,0.193,0.193,0.193,0.193,0.193,0.193,0.192,0.192,0.193,0.193,0.193,0.192,0.193,0.192,0.192,0.192,0.192,0.192,0.193,0.192,0.193,,,,,,
F4,0.21,0.209,0.209,0.209,0.209,0.209,0.209,0.21,0.211,0.212,0.214,0.216,0.213,0.214,0.379,0.468,0.257,0.406,0.405,0.479,0.99,0.477,0.541,0.379,0.608,0.69,0.675,0.767,0.722,0.714,0.746,0.823,0.595,0.778,1.003,0.875,1.006,0.844,1.285,0.987,0.932,0.914,0.883,0.825,0.968,0.394,0.341,0.343,0.348,0.31,0.324,0.311,0.309,0.317,0.302,0.303,0.29,0.292,0.291,0.285,0.29,0.288,0.285,0.288,0.294,0.292,0.288,0.288,0.299,0.286,0.289,0.287,0.288,0.289,0.288,0.292,0.292,0.293,0.293,0.295,0.311,0.302,0.301,0.306,0.305,0.31,0.311,0.311,0.313,0.315,0.316,0.317,0.322,0.32,0.32,0.322,0.323,0.325,0.325,0.327,0.327,0.327,0.328,0.329,0.328,0.329,0.329,0.329,0.329,0.329,0.329,0.329,0.329,0.329,0.329,0.329,0.329,0.328,0.328,0.33,0.328,0.329,0.329,0.328,0.328,0.329,0.329,0.328,0.328,0.327,0.326,0.326,0.326,0.326,0.326,0.325,0.325,0.325,0.329,0.329,0.326,0.325,0.325,0.323,0.321,0.32,0.32,0.32,0.32,0.319,0.319,0.319,0.319,0.318,0.318,0.32,0.319,0.437,0.609,0.48,0.534,0.531,0.454,0.45,0.456,0.49,0.453,0.444,0.483,0.478,0.415,0.406,0.479,0.413,0.394,0.474,0.464,0.454,0.435,0.466,0.501,0.422,0.452,0.418,0.428,0.426,0.39,,,,,,
F5,0.212,0.211,0.21,0.21,0.21,0.21,0.21,0.211,0.211,0.212,0.212,0.213,0.215,0.216,0.219,0.222,0.226,0.23,0.236,0.243,0.251,0.259,0.27,0.286,0.301,0.312,0.313,0.324,0.301,0.308,0.315,0.317,0.333,0.346,0.349,0.352,0.353,0.362,0.4,0.419,0.458,0.468,0.485,0.522,0.531,0.513,0.458,0.554,0.515,0.519,0.453,0.493,0.527,0.627,0.511,0.422,0.418,0.362,0.392,0.468,0.504,0.359,0.354,0.39,0.512,0.577,0.545,0.59,0.481,0.515,0.417,0.534,0.501,0.526,0.494,0.467,0.516,0.512,0.447,0.412,0.402,0.505,0.436,0.504,0.408,0.494,0.48,0.434,0.488,0.43,0.417,0.444,0.46,0.459,0.42,0.447,0.375,0.399,0.418,0.381,0.49,0.42,0.441,0.424,0.422,0.466,0.37,0.391,0.385,0.461,0.407,0.424,0.36,0.38,0.345,0.405,0.355,0.356,0.39,0.449,0.366,0.321,0.307,0.328,0.36,0.327,0.302,0.352,0.313,0.349,0.321,0.348,0.341,0.341,0.38,0.372,0.294,0.352,0.333,0.337,0.317,0.349,0.364,0.354,0.295,0.28,0.337,0.343,0.353,0.287,0.318,0.303,0.303,0.313,0.332,0.319,0.361,0.306,0.307,0.296,0.308,0.325,0.311,0.28,0.303,0.292,0.306,0.296,0.278,0.284,0.283,0.294,0.298,0.315,0.322,0.285,0.276,0.284,0.31,0.271,0.267,0.318,0.278,0.289,0.274,0.273,0.277,,,,,,
F6,0.211,0.21,0.21,0.21,0.21,0.21,0.21,0.211,0.213,0.221,0.279,0.231,0.235,0.229,0.344,0.406,0.372,0.412,0.786,0.692,0.579,0.444,0.339,0.384,0.377,0.371,0.334,0.318,0.307,0.313,0.301,0.295,0.289,0.286,0.284,0.283,0.282,0.281,0.281,0.281,0.281,0.28,0.28,0.28,0.28,0.28,0.279,0.279,0.279,0.279,0.279,0.278,0.278,0.278,0.277,0.277,0.277,0.276,0.275,0.275,0.275,0.275,0.275,0.274,0.274,0.272,0.273,0.272,0.272,0.272,0.272,0.271,0.269,0.269,0.268,0.268,0.268,0.268,0.268,0.267,0.267,0.267,0.267,0.267,0.267,0.267,0.266,0.266,0.266,0.267,0.266,0.266,0.266,0.266,0.264,0.264,0.264,0.264,0.264,0.264,0.263,0.263,0.264,0.263,0.262,0.263,0.262,0.262,0.261,0.262,0.262,0.26,0.26,0.26,0.26,0.26,0.259,0.262,0.263,0.263,0.259,0.259,0.258,0.259,0.258,0.258,0.258,0.258,0.258,0.258,0.257,0.257,0.257,0.257,0.257,0.256,0.256,0.256,0.256,0.256,0.256,0.256,0.256,0.255,0.256,0.256,0.255,0.256,0.254,0.254,0.255,0.255,0.255,0.255,0.255,0.255,0.256,0.262,0.26,0.259,0.259,0.258,0.258,0.257,0.257,0.258,0.257,0.257,0.256,0.256,0.256,0.256,0.255,0.255,0.255,0.255,0.255,0.255,0.257,0.254,0.254,0.254,0.253,0.254,0.254,0.254,0.252,,,,,,
F7,0.208,0.208,0.207,0.207,0.207,0.207,0.206,0.206,0.206,0.205,0.205,0.205,0.205,0.206,0.206,0.207,0.209,0.211,0.216,0.221,0.23,0.239,0.251,0.262,0.267,0.268,0.27,0.273,0.272,0.273,0.274,0.276,0.278,0.28,0.282,0.285,0.287,0.29,0.293,0.297,0.301,0.305,0.311,0.316,0.323,0.33,0.338,0.346,0.351,0.354,0.356,0.357,0.359,0.36,0.361,0.362,0.363,0.363,0.364,0.366,0.369,0.367,0.369,0.37,0.372,0.373,0.375,0.378,0.38,0.388,0.386,0.389,0.393,0.399,0.405,0.413,0.422,0.431,0.444,0.459,0.476,0.495,0.517,0.543,0.572,0.605,0.64,0.679,0.723,0.768,0.815,0.861,0.902,0.936,0.961,0.976,0.989,1.001,1.006,1.009,1.008,1.006,1.006,1.004,1.002,1.002,1.001,1,1.001,0.999,1,0.998,0.998,0.997,0.997,0.996,0.995,0.994,0.994,0.991,0.991,0.989,0.989,0.988,0.987,0.986,0.985,0.984,0.983,0.981,0.982,0.98,0.98,0.979,0.978,0.977,0.976,0.976,0.975,0.973,0.972,0.972,0.972,0.971,0.97,0.968,0.968,0.967,0.967,0.965,0.965,0.964,0.963,0.962,0.961,0.96,0.959,0.959,0.957,0.956,0.956,0.956,0.955,0.955,0.954,0.953,0.951,0.951,0.949,0.949,0.948,0.948,0.946,0.946,0.945,0.943,0.944,0.943,0.942,0.941,0.941,0.939,0.939,0.938,0.937,0.937,0.936,,,,,,
F8,2.059,1.621,1.106,0.877,0.756,0.695,0.664,0.646,0.633,0.626,0.624,0.626,0.628,0.632,0.639,0.642,0.649,0.653,0.653,0.661,0.671,0.677,0.681,0.686,0.69,0.699,0.704,0.706,0.71,0.715,0.717,0.722,0.721,0.725,0.726,0.727,0.723,0.72,0.723,0.718,0.716,0.717,0.715,0.711,0.708,0.707,0.701,0.699,0.696,0.694,0.69,0.685,0.68,0.677,0.674,0.671,0.668,0.665,0.661,0.657,0.649,0.645,0.638,0.632,0.633,0.622,0.62,0.617,0.608,0.603,0.597,0.594,0.585,0.576,0.576,0.567,0.56,0.558,0.547,0.542,0.535,0.528,0.524,0.52,0.509,0.508,0.502,0.495,0.49,0.487,0.478,0.478,0.469,0.461,0.46,0.455,0.456,0.448,0.442,0.44,0.435,0.433,0.431,0.425,0.422,0.42,0.418,0.415,0.412,0.411,0.409,0.408,0.407,0.402,0.4,0.401,0.397,0.397,0.397,0.395,0.394,0.388,0.391,0.386,0.386,0.385,0.383,0.382,0.381,0.383,0.381,0.378,0.379,0.377,0.375,0.374,0.375,0.371,0.373,0.372,0.374,0.37,0.369,0.368,0.368,0.368,0.369,0.365,0.366,0.363,0.363,0.362,0.362,0.359,0.358,0.36,0.359,0.356,0.357,0.357,0.357,0.355,0.356,0.353,0.357,0.353,0.349,0.351,0.351,0.352,0.351,0.348,0.35,0.351,0.347,0.348,0.348,0.35,0.346,0.349,0.347,0.35,0.346,0.349,0.345,0.345,0.343,,,,,,
F9,0.24,0.239,0.237,0.235,0.234,0.233,0.232,0.231,0.23,0.229,0.229,0.228,0.228,0.227,0.227,0.227,0.226,0.226,0.225,0.225,0.225,0.225,0.225,0.224,0.224,0.223,0.223,0.223,0.223,0.222,0.222,0.223,0.222,0.222,0.221,0.221,0.221,0.221,0.221,0.22,0.22,0.22,0.22,0.22,0.22,0.22,0.219,0.22,0.219,0.219,0.219,0.219,0.218,0.218,0.218,0.218,0.218,0.218,0.218,0.217,0.217,0.217,0.217,0.216,0.217,0.216,0.216,0.216,0.216,0.216,0.216,0.216,0.215,0.215,0.215,0.215,0.215,0.215,0.215,0.214,0.215,0.214,0.214,0.214,0.214,0.214,0.214,0.213,0.213,0.213,0.213,0.213,0.213,0.213,0.213,0.213,0.212,0.212,0.213,0.212,0.212,0.212,0.212,0.212,0.211,0.212,0.212,0.211,0.211,0.211,0.211,0.211,0.211,0.211,0.211,0.211,0.211,0.21,0.21,0.21,0.21,0.21,0.21,0.21,0.21,0.21,0.21,0.21,0.21,0.209,0.209,0.209,0.209,0.209,0.209,0.209,0.208,0.208,0.208,0.208,0.208,0.208,0.208,0.208,0.207,0.207,0.207,0.207,0.207,0.207,0.207,0.207,0.207,0.207,0.207,0.206,0.206,0.206,0.206,0.206,0.206,0.206,0.206,0.206,0.206,0.205,0.205,0.205,0.205,0.205,0.205,0.205,0.205,0.205,0.205,0.205,0.205,0.205,0.204,0.204,0.205,0.204,0.204,0.204,0.204,0.204,0.204,,,,,,
F10,0.208,0.207,0.207,0.207,0.206,0.206,0.206,0.205,0.204,0.204,0.204,0.203,0.203,0.203,0.202,0.202,0.202,0.202,0.202,0.201,0.201,0.201,0.201,0.201,0.2,0.2,0.2,0.2,0.2,0.2,0.201,0.2,0.199,0.199,0.2,0.199,0.2,0.199,0.2,0.2,0.2,0.201,0.201,0.201,0.202,0.203,0.205,0.206,0.206,0.208,0.21,0.212,0.215,0.22,0.222,0.231,0.228,0.232,0.237,0.239,0.243,0.245,0.251,0.248,0.248,0.249,0.251,0.251,0.265,0.25,0.251,0.253,0.25,0.252,0.252,0.252,0.252,0.253,0.26,0.254,0.255,0.256,0.257,0.258,0.258,0.259,0.26,0.261,0.262,0.263,0.265,0.266,0.267,0.271,0.273,0.28,0.283,0.29,0.295,0.295,0.297,0.296,0.299,0.299,0.298,0.3,0.299,0.3,0.3,0.3,0.302,0.3,0.301,0.301,0.301,0.302,0.302,0.301,0.302,0.302,0.301,0.301,0.302,0.303,0.302,0.303,0.303,0.303,0.304,0.303,0.311,0.305,0.307,0.306,0.307,0.308,0.308,0.31,0.309,0.31,0.315,0.31,0.313,0.314,0.315,0.321,0.318,0.318,0.353,0.341,0.339,0.351,0.336,0.344,0.341,0.339,0.335,0.336,0.337,0.335,0.341,0.339,0.334,0.343,0.337,0.335,0.342,0.337,0.342,0.338,0.334,0.334,0.335,0.334,0.336,0.333,0.336,0.333,0.333,0.334,0.338,0.336,0.337,0.335,0.334,0.342,0.335,,,,,,
F11,0.204,0.204,0.203,0.203,0.203,0.203,0.203,0.202,0.202,0.202,0.202,0.201,0.201,0.201,0.201,0.201,0.202,0.203,0.204,0.206,0.21,0.215,0.221,0.231,0.239,0.247,0.249,0.252,0.253,0.253,0.254,0.254,0.255,0.256,0.256,0.257,0.258,0.26,0.262,0.263,0.265,0.268,0.271,0.274,0.279,0.284,0.29,0.297,0.305,0.313,0.323,0.333,0.34,0.345,0.347,0.349,0.35,0.351,0.353,0.353,0.354,0.354,0.355,0.355,0.356,0.357,0.358,0.359,0.36,0.361,0.364,0.365,0.368,0.371,0.374,0.379,0.384,0.391,0.399,0.411,0.425,0.442,0.461,0.484,0.511,0.544,0.58,0.621,0.656,0.684,0.705,0.719,0.729,0.737,0.742,0.745,0.748,0.751,0.753,0.754,0.756,0.755,0.757,0.757,0.756,0.755,0.754,0.754,0.753,0.751,0.75,0.749,0.748,0.746,0.745,0.743,0.742,0.74,0.738,0.737,0.735,0.734,0.732,0.731,0.729,0.727,0.727,0.726,0.724,0.722,0.721,0.719,0.719,0.717,0.717,0.715,0.714,0.712,0.711,0.71,0.708,0.707,0.706,0.704,0.704,0.703,0.701,0.7,0.699,0.698,0.697,0.696,0.695,0.692,0.691,0.69,0.689,0.688,0.686,0.686,0.685,0.684,0.683,0.682,0.68,0.68,0.678,0.678,0.676,0.675,0.674,0.673,0.672,0.671,0.67,0.669,0.669,0.668,0.666,0.665,0.665,0.663,0.663,0.663,0.66,0.66,0.66,,,,,,
G2,0.224,0.224,0.222,0.222,0.222,0.222,0.222,0.222,0.222,0.222,0.222,0.222,0.223,0.223,0.224,0.225,0.227,0.23,0.236,0.238,0.244,0.25,0.256,0.265,0.274,0.282,0.285,0.292,0.301,0.303,0.311,0.32,0.33,0.336,0.351,0.362,0.378,0.394,0.414,0.412,0.404,0.394,0.399,0.403,0.41,0.417,0.423,0.432,0.444,0.46,0.477,0.492,0.501,0.509,0.515,0.52,0.524,0.529,0.53,0.535,0.536,0.538,0.54,0.542,0.545,0.546,0.548,0.55,0.551,0.553,0.554,0.555,0.557,0.557,0.559,0.56,0.561,0.561,0.563,0.564,0.565,0.566,0.567,0.568,0.569,0.569,0.57,0.571,0.572,0.573,0.574,0.576,0.577,0.578,0.579,0.58,0.581,0.583,0.584,0.584,0.586,0.586,0.587,0.589,0.589,0.589,0.589,0.59,0.59,0.591,0.591,0.591,0.592,0.593,0.591,0.591,0.591,0.591,0.591,0.591,0.591,0.591,0.591,0.59,0.59,0.59,0.589,0.589,0.588,0.589,0.587,0.587,0.587,0.587,0.587,0.586,0.586,0.585,0.584,0.584,0.584,0.585,0.583,0.582,0.581,0.582,0.581,0.58,0.579,0.579,0.579,0.578,0.578,0.578,0.577,0.576,0.576,0.575,0.575,0.574,0.574,0.573,0.573,0.571,0.571,0.57,0.57,0.569,0.569,0.568,0.568,0.567,0.567,0.566,0.565,0.565,0.565,0.563,0.563,0.562,0.563,0.561,0.56,0.56,0.559,0.559,0.558,,,,,,
G3,0.21,0.209,0.209,0.208,0.208,0.208,0.208,0.207,0.207,0.207,0.207,0.206,0.207,0.206,0.206,0.206,0.206,0.206,0.206,0.205,0.206,0.205,0.205,0.205,0.205,0.205,0.205,0.204,0.204,0.204,0.204,0.204,0.203,0.203,0.203,0.203,0.203,0.203,0.203,0.203,0.202,0.202,0.202,0.202,0.202,0.202,0.201,0.202,0.201,0.201,0.201,0.201,0.201,0.201,0.201,0.201,0.2,0.2,0.2,0.201,0.2,0.2,0.2,0.2,0.2,0.2,0.2,0.2,0.2,0.2,0.2,0.2,0.2,0.2,0.2,0.2,0.2,0.2,0.2,0.2,0.2,0.201,0.201,0.201,0.201,0.201,0.201,0.201,0.201,0.201,0.201,0.201,0.201,0.202,0.202,0.203,0.204,0.206,0.207,0.209,0.211,0.214,0.216,0.22,0.223,0.226,0.231,0.236,0.242,0.248,0.255,0.262,0.27,0.278,0.286,0.295,0.297,0.299,0.301,0.305,0.309,0.313,0.317,0.321,0.325,0.329,0.333,0.336,0.34,0.343,0.347,0.35,0.354,0.359,0.361,0.364,0.367,0.371,0.375,0.379,0.382,0.385,0.388,0.391,0.394,0.397,0.4,0.403,0.405,0.407,0.41,0.411,0.414,0.415,0.417,0.419,0.42,0.422,0.424,0.426,0.427,0.429,0.43,0.432,0.433,0.438,0.44,0.438,0.439,0.441,0.443,0.445,0.446,0.447,0.449,0.45,0.452,0.452,0.454,0.455,0.457,0.456,0.457,0.458,0.459,0.459,0.46,,,,,,
G4,0.212,0.212,0.212,0.211,0.211,0.212,0.212,0.212,0.213,0.215,0.215,0.216,0.216,0.217,0.47,0.494,0.23,0.281,0.414,0.466,0.378,0.774,0.411,0.915,0.794,0.643,1.053,0.661,0.659,0.771,0.751,1.023,0.721,0.93,0.84,0.851,0.974,1.005,0.62,0.713,1.146,0.987,0.68,0.899,0.637,0.563,0.761,0.45,0.371,0.365,0.545,0.365,0.646,0.303,0.295,0.286,0.321,0.308,0.305,0.277,0.281,0.308,0.277,0.269,0.263,0.281,0.259,0.281,0.288,0.289,0.273,0.266,0.27,0.26,0.276,0.28,0.271,0.267,0.27,0.266,0.283,0.274,0.275,0.281,0.273,0.272,0.271,0.283,0.275,0.279,0.287,0.277,0.284,0.277,0.281,0.279,0.28,0.284,0.287,0.279,0.278,0.276,0.275,0.262,0.251,0.257,0.25,0.265,0.256,0.253,0.254,0.253,0.251,0.258,0.259,0.255,0.257,0.252,0.255,0.256,0.252,0.255,0.257,0.251,0.254,0.259,0.272,0.263,0.254,0.255,0.258,0.252,0.252,0.249,0.254,0.249,0.26,0.251,0.255,0.252,0.26,0.257,0.261,0.254,0.252,0.261,0.252,0.264,0.269,0.26,0.255,0.254,0.257,0.255,0.265,0.255,0.265,0.248,0.245,0.246,0.253,0.245,0.245,0.255,0.257,0.252,0.315,0.304,0.667,0.52,0.381,0.284,0.416,0.293,0.372,0.414,0.396,0.402,0.355,0.317,0.324,0.351,0.352,0.369,0.363,0.352,0.368,,,,,,
G5,0.21,0.209,0.209,0.21,0.209,0.21,0.21,0.211,0.211,0.212,0.213,0.213,0.215,0.216,0.219,0.221,0.225,0.229,0.235,0.242,0.25,0.258,0.268,0.282,0.296,0.317,0.304,0.296,0.29,0.305,0.325,0.332,0.336,0.356,0.36,0.385,0.394,0.447,0.487,0.56,0.615,0.641,0.643,0.608,0.619,0.48,0.444,0.447,0.447,0.45,0.45,0.45,0.451,0.451,0.451,0.451,0.45,0.451,0.45,0.45,0.449,0.448,0.447,0.447,0.446,0.445,0.445,0.444,0.443,0.441,0.441,0.439,0.438,0.438,0.436,0.435,0.434,0.433,0.432,0.431,0.43,0.429,0.428,0.427,0.426,0.425,0.424,0.429,0.422,0.421,0.42,0.42,0.419,0.419,0.416,0.417,0.415,0.415,0.417,0.414,0.417,0.412,0.414,0.416,0.411,0.412,0.409,0.408,0.407,0.414,0.408,0.405,0.404,0.403,0.408,0.405,0.406,0.4,0.408,0.4,0.397,0.396,0.396,0.394,0.394,0.393,0.393,0.394,0.39,0.389,0.388,0.393,0.388,0.386,0.385,0.391,0.382,0.384,0.387,0.379,0.378,0.378,0.387,0.383,0.375,0.376,0.374,0.386,0.372,0.369,0.374,0.368,0.37,0.369,0.366,0.367,0.367,0.362,0.366,0.36,0.364,0.362,0.362,0.361,0.357,0.365,0.359,0.356,0.356,0.352,0.358,0.352,0.351,0.349,0.353,0.347,0.347,0.346,0.348,0.34,0.341,0.338,0.344,0.339,0.342,0.338,0.336,,,,,,
G6,0.211,0.21,0.21,0.21,0.209,0.21,0.21,0.211,0.213,0.216,0.221,0.215,0.275,0.31,0.232,0.342,0.586,0.304,0.236,0.447,0.659,0.368,0.557,0.648,0.419,0.362,0.322,0.322,0.311,0.304,0.293,0.288,0.283,0.28,0.279,0.277,0.277,0.276,0.275,0.276,0.276,0.276,0.276,0.276,0.275,0.275,0.276,0.276,0.276,0.276,0.276,0.275,0.274,0.274,0.273,0.272,0.27,0.27,0.27,0.27,0.27,0.269,0.268,0.268,0.268,0.267,0.266,0.265,0.265,0.265,0.264,0.264,0.263,0.264,0.263,0.263,0.262,0.262,0.262,0.26,0.258,0.258,0.257,0.257,0.257,0.257,0.257,0.256,0.255,0.256,0.255,0.255,0.254,0.254,0.254,0.254,0.254,0.252,0.253,0.252,0.253,0.252,0.252,0.251,0.251,0.251,0.25,0.25,0.25,0.249,0.249,0.258,0.256,0.254,0.252,0.253,0.251,0.251,0.251,0.25,0.25,0.25,0.249,0.249,0.255,0.252,0.252,0.252,0.252,0.253,0.252,0.252,0.252,0.252,0.251,0.251,0.25,0.25,0.25,0.25,0.251,0.25,0.25,0.25,0.25,0.254,0.253,0.252,0.251,0.251,0.25,0.249,0.248,0.248,0.247,0.247,0.247,0.248,0.248,0.247,0.247,0.247,0.246,0.246,0.246,0.245,0.246,0.245,0.245,0.245,0.245,0.245,0.243,0.243,0.243,0.243,0.243,0.243,0.242,0.242,0.243,0.242,0.242,0.242,0.242,0.242,0.242,,,,,,
G7,0.212,0.211,0.211,0.21,0.21,0.209,0.209,0.209,0.209,0.208,0.208,0.208,0.208,0.209,0.21,0.211,0.214,0.218,0.225,0.231,0.241,0.255,0.265,0.276,0.284,0.284,0.296,0.288,0.29,0.292,0.294,0.296,0.299,0.301,0.304,0.307,0.309,0.312,0.316,0.32,0.324,0.328,0.333,0.341,0.346,0.353,0.361,0.369,0.374,0.377,0.379,0.38,0.381,0.382,0.383,0.384,0.385,0.386,0.386,0.387,0.387,0.388,0.389,0.39,0.391,0.393,0.395,0.397,0.4,0.402,0.406,0.41,0.415,0.422,0.428,0.437,0.446,0.454,0.464,0.476,0.49,0.507,0.523,0.547,0.571,0.608,0.642,0.688,0.743,0.796,0.855,0.915,0.972,1.017,1.049,1.066,1.078,1.087,1.091,1.089,1.086,1.083,1.08,1.076,1.072,1.068,1.063,1.059,1.056,1.051,1.047,1.042,1.039,1.056,1.035,1.03,1.027,1.027,1.022,1.02,1.018,1.017,1.015,1.013,1.012,1.01,1.01,1.007,1.005,1.005,1.003,1.002,1.002,1,0.998,0.997,0.997,0.995,0.994,0.993,0.992,0.99,0.99,0.989,0.988,0.987,0.986,0.985,0.984,0.983,0.983,0.981,0.98,0.978,0.978,0.977,0.976,0.975,0.974,0.972,0.972,0.971,0.97,0.969,0.969,0.967,0.965,0.965,0.963,0.964,0.962,0.963,0.961,0.959,0.958,0.957,0.955,0.955,0.954,0.953,0.951,0.951,0.95,0.949,0.948,0.947,0.946,,,,,,
G8,1.985,1.394,0.953,0.788,0.709,0.665,0.641,0.632,0.632,0.635,0.64,0.641,0.652,0.66,0.668,0.676,0.683,0.691,0.701,0.709,0.715,0.724,0.73,0.738,0.744,0.749,0.754,0.758,0.762,0.764,0.766,0.764,0.767,0.767,0.768,0.768,0.767,0.765,0.762,0.76,0.757,0.757,0.753,0.75,0.748,0.745,0.743,0.738,0.736,0.732,0.731,0.727,0.722,0.718,0.715,0.709,0.704,0.7,0.695,0.691,0.686,0.679,0.673,0.668,0.662,0.655,0.651,0.641,0.633,0.628,0.62,0.613,0.606,0.598,0.589,0.58,0.573,0.562,0.552,0.545,0.537,0.527,0.519,0.51,0.504,0.494,0.485,0.48,0.47,0.462,0.457,0.448,0.442,0.436,0.431,0.427,0.422,0.416,0.411,0.408,0.404,0.399,0.398,0.395,0.391,0.389,0.386,0.383,0.383,0.379,0.375,0.375,0.378,0.371,0.369,0.368,0.366,0.365,0.364,0.362,0.367,0.359,0.357,0.356,0.355,0.354,0.353,0.353,0.353,0.352,0.35,0.35,0.349,0.349,0.35,0.349,0.348,0.349,0.348,0.347,0.346,0.347,0.346,0.346,0.347,0.346,0.344,0.345,0.344,0.345,0.345,0.344,0.343,0.343,0.343,0.342,0.341,0.342,0.343,0.341,0.341,0.342,0.342,0.342,0.342,0.342,0.341,0.341,0.34,0.341,0.34,0.34,0.341,0.341,0.341,0.341,0.342,0.342,0.343,0.343,0.342,0.342,0.343,0.343,0.343,0.344,0.343,,,,,,
G9,0.231,0.229,0.228,0.226,0.225,0.225,0.224,0.224,0.223,0.222,0.222,0.222,0.221,0.221,0.221,0.22,0.22,0.22,0.22,0.219,0.22,0.219,0.219,0.219,0.219,0.218,0.218,0.218,0.217,0.217,0.217,0.217,0.216,0.216,0.217,0.217,0.216,0.216,0.215,0.216,0.215,0.215,0.215,0.215,0.215,0.215,0.214,0.214,0.214,0.214,0.214,0.214,0.213,0.213,0.213,0.213,0.213,0.213,0.212,0.212,0.212,0.212,0.212,0.211,0.212,0.211,0.211,0.211,0.211,0.211,0.211,0.211,0.211,0.21,0.21,0.21,0.21,0.21,0.21,0.21,0.21,0.209,0.209,0.209,0.209,0.209,0.209,0.209,0.209,0.209,0.209,0.208,0.208,0.208,0.208,0.208,0.208,0.208,0.208,0.207,0.208,0.207,0.207,0.207,0.207,0.207,0.207,0.207,0.207,0.207,0.207,0.206,0.207,0.206,0.206,0.207,0.206,0.206,0.206,0.206,0.206,0.206,0.206,0.205,0.205,0.205,0.205,0.205,0.205,0.205,0.205,0.204,0.205,0.205,0.205,0.204,0.205,0.204,0.204,0.204,0.204,0.204,0.204,0.204,0.203,0.204,0.203,0.203,0.203,0.203,0.203,0.203,0.203,0.203,0.203,0.202,0.202,0.202,0.202,0.202,0.202,0.202,0.202,0.202,0.202,0.202,0.202,0.201,0.201,0.201,0.201,0.201,0.201,0.201,0.201,0.201,0.201,0.201,0.201,0.2,0.201,0.2,0.2,0.201,0.2,0.2,0.201,,,,,,
G10,0.212,0.212,0.211,0.211,0.21,0.21,0.21,0.21,0.21,0.209,0.209,0.209,0.208,0.207,0.207,0.206,0.207,0.206,0.206,0.206,0.206,0.205,0.206,0.205,0.205,0.205,0.205,0.205,0.205,0.205,0.206,0.205,0.204,0.204,0.205,0.206,0.206,0.205,0.206,0.209,0.207,0.209,0.212,0.213,0.214,0.216,0.217,0.219,0.226,0.224,0.23,0.239,0.241,0.243,0.252,0.253,0.257,0.271,0.273,0.276,0.274,0.277,0.281,0.279,0.295,0.285,0.281,0.282,0.289,0.278,0.287,0.285,0.28,0.288,0.281,0.291,0.291,0.291,0.288,0.285,0.287,0.288,0.288,0.304,0.3,0.294,0.294,0.3,0.312,0.311,0.314,0.31,0.317,0.323,0.328,0.331,0.333,0.333,0.336,0.338,0.338,0.337,0.339,0.339,0.341,0.351,0.342,0.344,0.343,0.351,0.354,0.347,0.348,0.35,0.348,0.348,0.349,0.347,0.352,0.355,0.347,0.355,0.355,0.348,0.354,0.351,0.349,0.356,0.35,0.348,0.353,0.349,0.352,0.35,0.349,0.349,0.354,0.349,0.349,0.35,0.356,0.35,0.349,0.349,0.355,0.351,0.348,0.35,0.349,0.355,0.356,0.35,0.352,0.354,0.35,0.351,0.349,0.348,0.35,0.352,0.357,0.349,0.348,0.355,0.352,0.351,0.361,0.348,0.363,0.35,0.352,0.348,0.347,0.349,0.35,0.346,0.347,0.349,0.348,0.348,0.352,0.345,0.356,0.348,0.346,0.347,0.353,,,,,,
G11,0.216,0.215,0.215,0.214,0.214,0.214,0.213,0.213,0.212,0.212,0.211,0.211,0.211,0.211,0.211,0.212,0.213,0.214,0.216,0.22,0.225,0.233,0.242,0.253,0.263,0.272,0.274,0.275,0.277,0.277,0.278,0.28,0.279,0.281,0.282,0.283,0.284,0.285,0.288,0.289,0.291,0.293,0.296,0.299,0.303,0.309,0.313,0.32,0.327,0.335,0.344,0.354,0.364,0.371,0.375,0.377,0.378,0.38,0.381,0.382,0.384,0.384,0.385,0.386,0.387,0.388,0.39,0.392,0.394,0.396,0.399,0.403,0.407,0.414,0.421,0.431,0.444,0.464,0.479,0.5,0.525,0.558,0.593,0.631,0.664,0.695,0.715,0.728,0.739,0.746,0.751,0.756,0.759,0.763,0.763,0.764,0.764,0.765,0.766,0.766,0.764,0.764,0.763,0.762,0.76,0.758,0.756,0.754,0.753,0.751,0.749,0.747,0.745,0.743,0.741,0.739,0.737,0.735,0.733,0.731,0.729,0.728,0.726,0.725,0.723,0.721,0.719,0.718,0.717,0.714,0.712,0.711,0.71,0.708,0.706,0.705,0.704,0.702,0.7,0.698,0.698,0.696,0.694,0.692,0.691,0.69,0.688,0.687,0.685,0.683,0.682,0.68,0.679,0.676,0.675,0.674,0.672,0.671,0.669,0.668,0.666,0.665,0.665,0.663,0.662,0.661,0.658,0.657,0.656,0.654,0.654,0.653,0.652,0.65,0.65,0.647,0.647,0.646,0.644,0.644,0.643,0.642,0.642,0.641,0.64,0.638,0.638,,,,,,
H2,0.211,0.211,0.21,0.21,0.21,0.209,0.209,0.209,0.209,0.208,0.208,0.208,0.208,0.208,0.208,0.207,0.208,0.207,0.207,0.207,0.207,0.207,0.207,0.207,0.207,0.206,0.206,0.206,0.206,0.206,0.206,0.206,0.206,0.206,0.205,0.205,0.205,0.205,0.205,0.205,0.205,0.205,0.204,0.204,0.204,0.204,0.204,0.204,0.204,0.204,0.204,0.203,0.203,0.203,0.203,0.203,0.203,0.203,0.203,0.203,0.202,0.202,0.202,0.202,0.202,0.202,0.202,0.202,0.202,0.202,0.201,0.201,0.201,0.201,0.201,0.201,0.201,0.201,0.201,0.201,0.201,0.201,0.2,0.2,0.2,0.2,0.2,0.2,0.2,0.2,0.2,0.2,0.2,0.199,0.199,0.2,0.199,0.199,0.199,0.199,0.199,0.199,0.199,0.199,0.199,0.198,0.198,0.198,0.198,0.198,0.198,0.198,0.198,0.197,0.197,0.197,0.197,0.197,0.197,0.197,0.197,0.196,0.196,0.196,0.196,0.196,0.196,0.196,0.195,0.195,0.195,0.195,0.195,0.195,0.195,0.194,0.194,0.194,0.194,0.194,0.194,0.194,0.194,0.194,0.193,0.193,0.193,0.193,0.193,0.193,0.193,0.193,0.193,0.192,0.192,0.192,0.192,0.192,0.192,0.192,0.192,0.192,0.191,0.191,0.191,0.191,0.191,0.191,0.191,0.191,0.191,0.191,0.191,0.19,0.191,0.191,0.19,0.19,0.19,0.19,0.19,0.19,0.19,0.19,0.19,0.19,0.19,,,,,,
H3,0.216,0.215,0.215,0.215,0.215,0.214,0.214,0.214,0.214,0.213,0.213,0.213,0.213,0.213,0.213,0.213,0.213,0.212,0.212,0.212,0.212,0.212,0.212,0.212,0.212,0.211,0.211,0.211,0.211,0.211,0.211,0.211,0.21,0.21,0.21,0.21,0.21,0.209,0.21,0.21,0.209,0.209,0.209,0.209,0.209,0.209,0.209,0.209,0.209,0.209,0.208,0.208,0.208,0.208,0.208,0.208,0.207,0.207,0.207,0.207,0.207,0.207,0.207,0.206,0.206,0.206,0.206,0.206,0.206,0.206,0.206,0.205,0.205,0.205,0.205,0.205,0.205,0.205,0.205,0.204,0.204,0.204,0.204,0.204,0.204,0.204,0.204,0.204,0.204,0.204,0.203,0.203,0.203,0.203,0.203,0.203,0.203,0.203,0.203,0.203,0.203,0.203,0.203,0.203,0.202,0.202,0.202,0.202,0.202,0.202,0.202,0.202,0.202,0.202,0.202,0.202,0.201,0.201,0.201,0.201,0.201,0.201,0.201,0.201,0.201,0.201,0.201,0.201,0.201,0.2,0.201,0.2,0.201,0.2,0.2,0.2,0.2,0.2,0.2,0.2,0.199,0.199,0.199,0.199,0.199,0.199,0.199,0.199,0.199,0.199,0.199,0.199,0.199,0.198,0.198,0.198,0.199,0.198,0.198,0.198,0.198,0.198,0.198,0.198,0.198,0.198,0.198,0.198,0.197,0.198,0.197,0.197,0.197,0.197,0.197,0.197,0.197,0.197,0.197,0.197,0.197,0.197,0.197,0.197,0.197,0.197,0.197,,,,,,
H4,0.217,0.217,0.217,0.216,0.216,0.216,0.216,0.216,0.215,0.215,0.215,0.215,0.214,0.214,0.214,0.214,0.214,0.214,0.214,0.214,0.214,0.214,0.214,0.213,0.214,0.213,0.213,0.213,0.213,0.213,0.213,0.213,0.213,0.212,0.212,0.213,0.212,0.212,0.212,0.212,0.212,0.212,0.212,0.212,0.212,0.212,0.212,0.212,0.211,0.211,0.211,0.211,0.211,0.211,0.211,0.211,0.211,0.211,0.211,0.211,0.211,0.211,0.211,0.21,0.211,0.21,0.21,0.21,0.21,0.21,0.21,0.21,0.21,0.21,0.21,0.21,0.21,0.21,0.21,0.21,0.21,0.21,0.209,0.21,0.21,0.21,0.21,0.21,0.21,0.21,0.209,0.209,0.209,0.209,0.209,0.209,0.209,0.21,0.209,0.209,0.209,0.209,0.209,0.209,0.209,0.208,0.209,0.208,0.209,0.208,0.208,0.208,0.208,0.208,0.208,0.208,0.208,0.208,0.208,0.208,0.208,0.208,0.208,0.207,0.208,0.207,0.207,0.208,0.207,0.207,0.207,0.207,0.207,0.207,0.207,0.207,0.207,0.207,0.207,0.207,0.207,0.207,0.206,0.206,0.207,0.206,0.206,0.206,0.206,0.206,0.206,0.206,0.206,0.206,0.206,0.206,0.206,0.206,0.206,0.206,0.206,0.206,0.206,0.206,0.206,0.206,0.205,0.205,0.205,0.206,0.206,0.206,0.205,0.205,0.206,0.205,0.205,0.205,0.205,0.205,0.205,0.205,0.205,0.205,0.206,0.206,0.206,,,,,,
H5,0.213,0.212,0.211,0.211,0.211,0.211,0.21,0.21,0.21,0.209,0.209,0.209,0.209,0.209,0.209,0.208,0.208,0.208,0.208,0.208,0.208,0.208,0.208,0.208,0.208,0.207,0.207,0.207,0.207,0.207,0.207,0.207,0.207,0.206,0.207,0.207,0.207,0.206,0.206,0.206,0.206,0.206,0.206,0.206,0.206,0.206,0.205,0.206,0.206,0.206,0.206,0.206,0.205,0.205,0.205,0.205,0.205,0.205,0.205,0.205,0.205,0.205,0.205,0.204,0.204,0.204,0.204,0.204,0.204,0.204,0.204,0.204,0.204,0.204,0.204,0.204,0.204,0.203,0.204,0.203,0.203,0.203,0.203,0.203,0.203,0.204,0.203,0.203,0.203,0.203,0.203,0.203,0.203,0.203,0.203,0.203,0.203,0.203,0.203,0.202,0.203,0.202,0.202,0.203,0.202,0.202,0.202,0.202,0.202,0.202,0.202,0.202,0.202,0.202,0.202,0.202,0.201,0.201,0.201,0.201,0.201,0.201,0.201,0.201,0.201,0.201,0.201,0.201,0.2,0.2,0.2,0.2,0.201,0.2,0.2,0.2,0.2,0.2,0.2,0.2,0.2,0.2,0.2,0.2,0.2,0.199,0.199,0.2,0.199,0.199,0.199,0.199,0.199,0.199,0.199,0.199,0.199,0.199,0.199,0.199,0.199,0.199,0.199,0.199,0.199,0.199,0.198,0.199,0.198,0.198,0.198,0.198,0.198,0.198,0.198,0.198,0.198,0.198,0.198,0.198,0.198,0.197,0.198,0.198,0.198,0.198,0.199,,,,,,
H6,0.205,0.206,0.206,0.206,0.205,0.206,0.205,0.205,0.204,0.204,0.204,0.203,0.203,0.203,0.203,0.203,0.203,0.202,0.202,0.202,0.202,0.202,0.202,0.202,0.201,0.201,0.201,0.201,0.201,0.201,0.201,0.201,0.201,0.2,0.201,0.2,0.2,0.2,0.2,0.2,0.2,0.2,0.2,0.2,0.2,0.2,0.2,0.199,0.199,0.199,0.2,0.2,0.2,0.199,0.199,0.199,0.199,0.199,0.199,0.199,0.199,0.199,0.199,0.198,0.199,0.198,0.198,0.198,0.198,0.198,0.198,0.198,0.198,0.199,0.198,0.198,0.198,0.198,0.198,0.198,0.198,0.198,0.198,0.198,0.198,0.198,0.198,0.198,0.197,0.198,0.198,0.198,0.197,0.198,0.198,0.197,0.198,0.197,0.197,0.197,0.197,0.197,0.197,0.197,0.197,0.197,0.197,0.197,0.197,0.197,0.196,0.197,0.197,0.196,0.196,0.196,0.196,0.196,0.196,0.196,0.196,0.196,0.196,0.196,0.196,0.195,0.195,0.196,0.195,0.195,0.195,0.195,0.195,0.196,0.195,0.195,0.195,0.195,0.195,0.195,0.195,0.195,0.195,0.195,0.195,0.195,0.195,0.195,0.194,0.195,0.194,0.195,0.194,0.194,0.194,0.194,0.194,0.194,0.194,0.194,0.194,0.194,0.194,0.194,0.194,0.194,0.194,0.194,0.194,0.194,0.194,0.194,0.194,0.194,0.194,0.194,0.194,0.194,0.194,0.193,0.193,0.193,0.193,0.194,0.194,0.194,0.194,,,,,,
H7,0.203,0.203,0.203,0.202,0.203,0.202,0.203,0.202,0.202,0.202,0.202,0.202,0.202,0.202,0.202,0.202,0.202,0.202,0.202,0.201,0.201,0.202,0.202,0.201,0.202,0.201,0.201,0.201,0.201,0.201,0.201,0.201,0.201,0.201,0.201,0.201,0.201,0.2,0.201,0.201,0.2,0.2,0.2,0.2,0.2,0.2,0.2,0.2,0.2,0.2,0.2,0.2,0.199,0.2,0.199,0.199,0.199,0.199,0.199,0.199,0.199,0.199,0.199,0.199,0.199,0.198,0.198,0.199,0.199,0.198,0.198,0.198,0.198,0.198,0.198,0.198,0.198,0.198,0.197,0.197,0.197,0.197,0.197,0.197,0.197,0.197,0.197,0.197,0.197,0.197,0.197,0.197,0.196,0.197,0.197,0.197,0.197,0.196,0.196,0.196,0.196,0.196,0.196,0.196,0.196,0.196,0.196,0.196,0.195,0.195,0.195,0.195,0.195,0.195,0.195,0.195,0.195,0.194,0.194,0.194,0.194,0.194,0.194,0.194,0.194,0.194,0.194,0.194,0.193,0.193,0.193,0.193,0.193,0.193,0.193,0.193,0.192,0.192,0.192,0.192,0.192,0.192,0.192,0.192,0.192,0.191,0.191,0.191,0.191,0.191,0.191,0.191,0.191,0.191,0.191,0.191,0.19,0.19,0.19,0.19,0.19,0.19,0.19,0.19,0.19,0.19,0.189,0.19,0.189,0.189,0.189,0.189,0.189,0.189,0.189,0.189,0.189,0.189,0.189,0.189,0.189,0.188,0.188,0.189,0.189,0.189,0.189,,,,,,
H8,1.976,1.433,0.997,0.822,0.741,0.702,0.681,0.672,0.671,0.675,0.682,0.693,0.704,0.716,0.728,0.739,0.752,0.763,0.773,0.782,0.789,0.793,0.796,0.799,0.799,0.797,0.794,0.791,0.785,0.778,0.77,0.761,0.751,0.741,0.732,0.721,0.709,0.697,0.683,0.67,0.655,0.64,0.626,0.611,0.594,0.581,0.564,0.55,0.534,0.519,0.505,0.49,0.474,0.46,0.445,0.431,0.416,0.402,0.388,0.375,0.363,0.352,0.342,0.333,0.325,0.318,0.312,0.307,0.302,0.298,0.294,0.291,0.288,0.287,0.284,0.283,0.281,0.28,0.279,0.277,0.276,0.276,0.275,0.274,0.273,0.272,0.272,0.271,0.271,0.27,0.27,0.27,0.269,0.269,0.269,0.269,0.269,0.268,0.269,0.268,0.269,0.268,0.269,0.269,0.271,0.271,0.27,0.27,0.271,0.271,0.272,0.273,0.274,0.275,0.276,0.277,0.278,0.279,0.281,0.282,0.284,0.285,0.287,0.288,0.291,0.292,0.293,0.295,0.297,0.299,0.301,0.302,0.304,0.307,0.308,0.31,0.312,0.313,0.314,0.315,0.317,0.317,0.318,0.319,0.32,0.321,0.322,0.322,0.323,0.323,0.323,0.323,0.323,0.324,0.324,0.324,0.324,0.324,0.324,0.323,0.323,0.323,0.323,0.323,0.323,0.322,0.322,0.322,0.322,0.322,0.322,0.322,0.322,0.322,0.322,0.323,0.322,0.323,0.323,0.323,0.324,0.323,0.324,0.324,0.325,0.325,0.326,,,,,,
H9,0.234,0.232,0.23,0.227,0.227,0.227,0.226,0.225,0.225,0.224,0.223,0.223,0.222,0.222,0.222,0.221,0.221,0.221,0.221,0.22,0.22,0.22,0.22,0.22,0.22,0.219,0.219,0.218,0.219,0.219,0.218,0.219,0.218,0.218,0.218,0.218,0.218,0.218,0.217,0.218,0.217,0.217,0.218,0.217,0.218,0.217,0.217,0.217,0.217,0.216,0.216,0.217,0.216,0.216,0.216,0.216,0.216,0.215,0.216,0.216,0.216,0.215,0.216,0.215,0.215,0.215,0.215,0.215,0.215,0.215,0.215,0.215,0.215,0.215,0.215,0.215,0.215,0.214,0.215,0.214,0.215,0.215,0.214,0.214,0.214,0.214,0.214,0.214,0.214,0.214,0.214,0.214,0.213,0.214,0.214,0.214,0.214,0.214,0.214,0.213,0.213,0.213,0.213,0.213,0.213,0.213,0.213,0.213,0.213,0.213,0.213,0.212,0.213,0.213,0.213,0.213,0.212,0.213,0.212,0.212,0.212,0.212,0.212,0.212,0.212,0.212,0.212,0.212,0.212,0.212,0.212,0.211,0.212,0.212,0.212,0.212,0.211,0.212,0.212,0.212,0.212,0.211,0.211,0.211,0.211,0.211,0.211,0.211,0.211,0.211,0.211,0.211,0.211,0.211,0.211,0.211,0.211,0.211,0.211,0.21,0.211,0.211,0.211,0.21,0.21,0.21,0.21,0.21,0.21,0.21,0.21,0.21,0.21,0.21,0.21,0.21,0.21,0.21,0.21,0.21,0.21,0.21,0.21,0.21,0.21,0.21,0.21,,,,,,
H10,0.217,0.217,0.216,0.215,0.215,0.214,0.214,0.214,0.214,0.213,0.213,0.213,0.213,0.213,0.213,0.212,0.212,0.212,0.212,0.212,0.212,0.212,0.211,0.211,0.211,0.211,0.21,0.21,0.21,0.21,0.21,0.21,0.21,0.21,0.21,0.21,0.209,0.209,0.209,0.209,0.209,0.209,0.209,0.208,0.208,0.209,0.208,0.208,0.208,0.208,0.208,0.208,0.208,0.207,0.207,0.207,0.207,0.207,0.207,0.207,0.207,0.206,0.207,0.206,0.207,0.206,0.206,0.206,0.206,0.206,0.206,0.206,0.206,0.206,0.206,0.206,0.205,0.205,0.205,0.205,0.205,0.205,0.205,0.205,0.205,0.205,0.205,0.205,0.204,0.205,0.204,0.204,0.204,0.204,0.204,0.204,0.204,0.204,0.204,0.204,0.204,0.204,0.204,0.204,0.203,0.203,0.203,0.203,0.203,0.203,0.203,0.202,0.202,0.202,0.202,0.203,0.202,0.202,0.202,0.202,0.202,0.202,0.202,0.201,0.201,0.201,0.201,0.201,0.201,0.201,0.201,0.2,0.201,0.201,0.2,0.2,0.2,0.2,0.2,0.2,0.2,0.2,0.2,0.199,0.2,0.199,0.2,0.2,0.199,0.199,0.199,0.199,0.199,0.199,0.199,0.198,0.199,0.199,0.199,0.198,0.198,0.198,0.198,0.198,0.198,0.198,0.198,0.198,0.198,0.198,0.198,0.198,0.198,0.197,0.198,0.198,0.198,0.198,0.197,0.197,0.197,0.197,0.197,0.198,0.198,0.198,0.197,,,,,,
H11,0.216,0.215,0.214,0.213,0.214,0.213,0.213,0.213,0.212,0.212,0.213,0.212,0.212,0.212,0.212,0.212,0.211,0.211,0.212,0.211,0.211,0.211,0.211,0.211,0.211,0.21,0.21,0.21,0.21,0.21,0.21,0.21,0.209,0.21,0.21,0.21,0.209,0.209,0.209,0.209,0.209,0.209,0.209,0.209,0.209,0.209,0.208,0.208,0.208,0.208,0.208,0.208,0.208,0.207,0.207,0.207,0.207,0.207,0.207,0.207,0.206,0.206,0.207,0.206,0.206,0.206,0.206,0.206,0.206,0.205,0.205,0.205,0.205,0.206,0.205,0.205,0.205,0.205,0.205,0.205,0.205,0.205,0.205,0.205,0.205,0.204,0.204,0.204,0.204,0.204,0.204,0.204,0.204,0.204,0.203,0.203,0.204,0.203,0.203,0.203,0.203,0.203,0.203,0.203,0.203,0.202,0.203,0.202,0.202,0.202,0.202,0.202,0.202,0.202,0.202,0.202,0.202,0.201,0.201,0.201,0.201,0.201,0.201,0.2,0.2,0.2,0.2,0.201,0.2,0.2,0.2,0.199,0.2,0.2,0.2,0.199,0.199,0.199,0.199,0.199,0.198,0.198,0.199,0.198,0.198,0.198,0.198,0.198,0.197,0.198,0.197,0.197,0.197,0.197,0.197,0.197,0.197,0.197,0.197,0.197,0.197,0.197,0.196,0.196,0.196,0.196,0.196,0.196,0.196,0.196,0.196,0.196,0.196,0.196,0.196,0.196,0.195,0.195,0.195,0.195,0.195,0.195,0.195,0.195,0.195,0.195,0.195,,,,,,