Sample,Cluster,MouseGroup,NumberParticles,TotalParticleCluster,ClusterProportion,ParticlesMouseGroupCluster,ClusterProportionMouseGroup,ParticleNumberPerSample,SampleProportion
E5r1,11,Env,38,683,0.0556368960468521,218,0.319180087847731,10828,0.00350942002216476
E5r1,4,Env,98,1359,0.072111846946284,472,0.347314201618837,10828,0.00905060953084596
E5r1,0,Env,26,1830,0.014207650273224,1196,0.653551912568306,10828,0.00240118212042852
E5r1,22,Env,3,159,0.0188679245283019,61,0.383647798742138,10828,0.00027705947543406
E5r1,23,Env,13,138,0.0942028985507246,65,0.471014492753623,10828,0.00120059106021426
E5r1,13,Env,17,637,0.0266875981161695,159,0.249607535321821,10828,0.00157000369412634
E5r1,21,Env,18,178,0.101123595505618,61,0.342696629213483,10828,0.00166235685260436
E5r1,6,Env,16,1048,0.0152671755725191,135,0.12881679389313,10828,0.00147765053564832
E5r1,10,Env,15,760,0.0197368421052632,298,0.392105263157895,10828,0.0013852973771703
E5r1,3,Env,32,1468,0.0217983651226158,221,0.150544959128065,10828,0.00295530107129664
E5r1,12,Env,23,667,0.0344827586206897,197,0.295352323838081,10828,0.00212412264499446
E5r1,7,Env,24,1035,0.0231884057971014,237,0.228985507246377,10828,0.00221647580347248
E5r1,1,Env,20,1648,0.0121359223300971,903,0.547936893203884,10828,0.0018470631695604
E5r1,14,Env,12,616,0.0194805194805195,457,0.741883116883117,10828,0.00110823790173624
E5r1,2,Env,30,1499,0.0200133422281521,862,0.57505003335557,10828,0.0027705947543406
E5r1,17,Env,9,413,0.0217917675544794,139,0.336561743341404,10828,0.00083117842630218
E5r1,18,Env,25,342,0.0730994152046784,113,0.330409356725146,10828,0.0023088289619505
E5r1,8,Env,68,834,0.0815347721822542,301,0.360911270983213,10828,0.00628001477650536
E5r1,15,Env,8,459,0.0174291938997821,107,0.233115468409586,10828,0.00073882526782416
E5r1,16,Env,9,423,0.0212765957446809,231,0.546099290780142,10828,0.00083117842630218
E5r1,20,Env,4,206,0.0194174757281553,70,0.339805825242718,10828,0.00036941263391208
E5r1,5,Env,9,1349,0.00667160859896219,86,0.0637509266123054,10828,0.00083117842630218
E5r1,9,Env,15,791,0.0189633375474083,229,0.289506953223767,10828,0.0013852973771703
E5r1,19,Env,3,303,0.0099009900990099,67,0.221122112211221,10828,0.00027705947543406
E6r1,21,Env,15,178,0.0842696629213483,61,0.342696629213483,15410,0.000973393900064893
E6r1,4,Env,197,1359,0.144959529065489,472,0.347314201618837,15410,0.0127839065541856
E6r1,23,Env,15,138,0.108695652173913,65,0.471014492753623,15410,0.000973393900064893
E6r1,8,Env,116,834,0.139088729016787,301,0.360911270983213,15410,0.00752757949383517
E6r1,9,Env,15,791,0.0189633375474083,229,0.289506953223767,15410,0.000973393900064893
E6r1,18,Env,28,342,0.0818713450292398,113,0.330409356725146,15410,0.0018170019467878
E6r1,10,Env,12,760,0.0157894736842105,298,0.392105263157895,15410,0.000778715120051914
E6r1,13,Env,10,637,0.0156985871271586,159,0.249607535321821,15410,0.000648929266709929
E6r1,14,Env,22,616,0.0357142857142857,457,0.741883116883117,15410,0.00142764438676184
E6r1,6,Env,4,1048,0.00381679389312977,135,0.12881679389313,15410,0.000259571706683971
E6r1,20,Env,5,206,0.0242718446601942,70,0.339805825242718,15410,0.000324464633354964
E6r1,11,Env,94,683,0.137628111273792,218,0.319180087847731,15410,0.00609993510707333
E6r1,2,Env,17,1499,0.0113408939292862,862,0.57505003335557,15410,0.00110317975340688
E6r1,0,Env,14,1830,0.00765027322404372,1196,0.653551912568306,15410,0.0009085009733939
E6r1,3,Env,10,1468,0.00681198910081744,221,0.150544959128065,15410,0.000648929266709929
E6r1,7,Env,14,1035,0.0135265700483092,237,0.228985507246377,15410,0.0009085009733939
E6r1,12,Env,14,667,0.0209895052473763,197,0.295352323838081,15410,0.0009085009733939
E6r1,15,Env,6,459,0.0130718954248366,107,0.233115468409586,15410,0.000389357560025957
E6r1,17,Env,4,413,0.00968523002421308,139,0.336561743341404,15410,0.000259571706683971
E6r1,1,Env,9,1648,0.00546116504854369,903,0.547936893203884,15410,0.000584036340038936
E6r1,16,Env,4,423,0.00945626477541371,231,0.546099290780142,15410,0.000259571706683971
E6r1,5,Env,11,1349,0.00815418828762046,86,0.0637509266123054,15410,0.000713822193380921
E6r1,22,Env,1,159,0.00628930817610063,61,0.383647798742138,15410,0.0000648929266709929
E6r1,19,Env,2,303,0.0066006600660066,67,0.221122112211221,15410,0.000129785853341986
E6r2,4,Env,52,1359,0.0382634289919058,472,0.347314201618837,12123,0.00428936731832055
E6r2,5,Env,8,1349,0.00593031875463306,86,0.0637509266123054,12123,0.000659902664357007
E6r2,23,Env,13,138,0.0942028985507246,65,0.471014492753623,12123,0.00107234182958014
E6r2,22,Env,3,159,0.0188679245283019,61,0.383647798742138,12123,0.000247463499133878
E6r2,21,Env,4,178,0.0224719101123595,61,0.342696629213483,12123,0.000329951332178504
E6r2,10,Env,8,760,0.0105263157894737,298,0.392105263157895,12123,0.000659902664357007
E6r2,20,Env,5,206,0.0242718446601942,70,0.339805825242718,12123,0.00041243916522313
E6r2,1,Env,26,1648,0.0157766990291262,903,0.547936893203884,12123,0.00214468365916027
E6r2,6,Env,13,1048,0.0124045801526718,135,0.12881679389313,12123,0.00107234182958014
E6r2,14,Env,3,616,0.00487012987012987,457,0.741883116883117,12123,0.000247463499133878
E6r2,9,Env,6,791,0.00758533501896334,229,0.289506953223767,12123,0.000494926998267755
E6r2,7,Env,11,1035,0.0106280193236715,237,0.228985507246377,12123,0.000907366163490885
E6r2,8,Env,39,834,0.0467625899280576,301,0.360911270983213,12123,0.00321702548874041
E6r2,2,Env,10,1499,0.0066711140760507,862,0.57505003335557,12123,0.000824878330446259
E6r2,3,Env,30,1468,0.0204359673024523,221,0.150544959128065,12123,0.00247463499133878
E6r2,0,Env,14,1830,0.00765027322404372,1196,0.653551912568306,12123,0.00115482966262476
E6r2,13,Env,12,637,0.0188383045525903,159,0.249607535321821,12123,0.000989853996535511
E6r2,11,Env,24,683,0.0351390922401171,218,0.319180087847731,12123,0.00197970799307102
E6r2,18,Env,16,342,0.0467836257309941,113,0.330409356725146,12123,0.00131980532871401
E6r2,16,Env,8,423,0.0189125295508274,231,0.546099290780142,12123,0.000659902664357007
E6r2,12,Env,12,667,0.0179910044977511,197,0.295352323838081,12123,0.000989853996535511
E6r2,15,Env,1,459,0.00217864923747277,107,0.233115468409586,12123,0.0000824878330446259
E6r2,17,Env,1,413,0.00242130750605327,139,0.336561743341404,12123,0.0000824878330446259
E7r1,14,Env,123,616,0.199675324675325,457,0.741883116883117,25821,0.0047635645404903
E7r1,4,Env,92,1359,0.0676968359087564,472,0.347314201618837,25821,0.00356299136361876
E7r1,17,Env,66,413,0.159806295399516,139,0.336561743341404,25821,0.0025560590217265
E7r1,0,Env,86,1830,0.0469945355191257,1196,0.653551912568306,25821,0.00333062236164362
E7r1,3,Env,56,1468,0.0381471389645777,221,0.150544959128065,25821,0.00216877735176794
E7r1,23,Env,10,138,0.072463768115942,65,0.471014492753623,25821,0.000387281669958561
E7r1,12,Env,45,667,0.0674662668665667,197,0.295352323838081,25821,0.00174276751481352
E7r1,1,Env,119,1648,0.0722087378640777,903,0.547936893203884,25821,0.00460865187250687
E7r1,13,Env,40,637,0.0627943485086342,159,0.249607535321821,25821,0.00154912667983424
E7r1,10,Env,53,760,0.0697368421052632,298,0.392105263157895,25821,0.00205259285078037
E7r1,9,Env,56,791,0.0707964601769911,229,0.289506953223767,25821,0.00216877735176794
E7r1,7,Env,39,1035,0.0376811594202899,237,0.228985507246377,25821,0.00151039851283839
E7r1,8,Env,65,834,0.0779376498800959,301,0.360911270983213,25821,0.00251733085473065
E7r1,6,Env,21,1048,0.0200381679389313,135,0.12881679389313,25821,0.000813291506912978
E7r1,2,Env,42,1499,0.0280186791194129,862,0.57505003335557,25821,0.00162658301382596
E7r1,11,Env,48,683,0.0702781844802343,218,0.319180087847731,25821,0.00185895201580109
E7r1,21,Env,17,178,0.0955056179775281,61,0.342696629213483,25821,0.000658378838929553
E7r1,16,Env,75,423,0.177304964539007,231,0.546099290780142,25821,0.00290461252468921
E7r1,22,Env,19,159,0.119496855345912,61,0.383647798742138,25821,0.000735835172921266
E7r1,15,Env,12,459,0.0261437908496732,107,0.233115468409586,25821,0.000464738003950273
E7r1,5,Env,17,1349,0.0126019273535953,86,0.0637509266123054,25821,0.000658378838929553
E7r1,19,Env,11,303,0.0363036303630363,67,0.221122112211221,25821,0.000426009836954417
E7r1,18,Env,30,342,0.087719298245614,113,0.330409356725146,25821,0.00116184500987568
E7r1,20,Env,18,206,0.087378640776699,70,0.339805825242718,25821,0.00069710700592541
E7r2,0,Env,69,1830,0.0377049180327869,1196,0.653551912568306,17323,0.00398314379726375
E7r2,13,Env,7,637,0.010989010989011,159,0.249607535321821,17323,0.000404087051896323
E7r2,4,Env,25,1359,0.0183958793230316,472,0.347314201618837,17323,0.00144316804248687
E7r2,22,Env,11,159,0.0691823899371069,61,0.383647798742138,17323,0.000634993938694222
E7r2,11,Env,12,683,0.0175695461200586,218,0.319180087847731,17323,0.000692720660393696
E7r2,17,Env,57,413,0.138014527845036,139,0.336561743341404,17323,0.00329042313687006
E7r2,14,Env,106,616,0.172077922077922,457,0.741883116883117,17323,0.00611903250014432
E7r2,23,Env,10,138,0.072463768115942,65,0.471014492753623,17323,0.000577267216994747
E7r2,10,Env,36,760,0.0473684210526316,298,0.392105263157895,17323,0.00207816198118109
E7r2,1,Env,94,1648,0.0570388349514563,903,0.547936893203884,17323,0.00542631183975062
E7r2,19,Env,14,303,0.0462046204620462,67,0.221122112211221,17323,0.000808174103792646
E7r2,16,Env,61,423,0.144208037825059,231,0.546099290780142,17323,0.00352133002366796
E7r2,12,Env,12,667,0.0179910044977511,197,0.295352323838081,17323,0.000692720660393696
E7r2,9,Env,37,791,0.0467762326169406,229,0.289506953223767,17323,0.00213588870288056
E7r2,21,Env,5,178,0.0280898876404494,61,0.342696629213483,17323,0.000288633608497373
E7r2,6,Env,8,1048,0.00763358778625954,135,0.12881679389313,17323,0.000461813773595797
E7r2,7,Env,10,1035,0.00966183574879227,237,0.228985507246377,17323,0.000577267216994747
E7r2,3,Env,8,1468,0.00544959128065395,221,0.150544959128065,17323,0.000461813773595797
E7r2,8,Env,11,834,0.013189448441247,301,0.360911270983213,17323,0.000634993938694222
E7r2,5,Env,15,1349,0.011119347664937,86,0.0637509266123054,17323,0.00086590082549212
E7r2,2,Env,9,1499,0.00600400266844563,862,0.57505003335557,17323,0.000519540495295272
E7r2,18,Env,6,342,0.0175438596491228,113,0.330409356725146,17323,0.000346360330196848
E7r2,20,Env,5,206,0.0242718446601942,70,0.339805825242718,17323,0.000288633608497373
E8r1,2,Env,443,1499,0.295530353569046,862,0.57505003335557,46751,0.00947573313939809
E8r1,14,Env,106,616,0.172077922077922,457,0.741883116883117,46751,0.00226733118008171
E8r1,0,Env,536,1830,0.292896174863388,1196,0.653551912568306,46751,0.0114649954011679
E8r1,1,Env,330,1648,0.200242718446602,903,0.547936893203884,46751,0.00705867254176381
E8r1,12,Env,52,667,0.0779610194902549,197,0.295352323838081,46751,0.00111227567324763
E8r1,16,Env,34,423,0.0803782505910166,231,0.546099290780142,46751,0.000727257170969605
E8r1,13,Env,43,637,0.0675039246467818,159,0.249607535321821,46751,0.000919766422108618
E8r1,7,Env,68,1035,0.0657004830917874,237,0.228985507246377,46751,0.00145451434193921
E8r1,3,Env,43,1468,0.029291553133515,221,0.150544959128065,46751,0.000919766422108618
E8r1,10,Env,104,760,0.136842105263158,298,0.392105263157895,46751,0.00222455134649526
E8r1,6,Env,41,1048,0.0391221374045802,135,0.12881679389313,46751,0.000876986588522171
E8r1,4,Env,8,1359,0.00588668138337013,472,0.347314201618837,46751,0.000171119334345789
E8r1,5,Env,17,1349,0.0126019273535953,86,0.0637509266123054,46751,0.000363628585484802
E8r1,15,Env,51,459,0.111111111111111,107,0.233115468409586,46751,0.00109088575645441
E8r1,9,Env,48,791,0.0606826801517067,229,0.289506953223767,46751,0.00102671600607474
E8r1,19,Env,18,303,0.0594059405940594,67,0.221122112211221,46751,0.000385018502278026
E8r1,22,Env,11,159,0.0691823899371069,61,0.383647798742138,46751,0.00023528908472546
E8r1,23,Env,4,138,0.0289855072463768,65,0.471014492753623,46751,0.0000855596671728947
E8r1,20,Env,17,206,0.0825242718446602,70,0.339805825242718,46751,0.000363628585484802
E8r1,18,Env,4,342,0.0116959064327485,113,0.330409356725146,46751,0.0000855596671728947
E8r1,8,Env,2,834,0.00239808153477218,301,0.360911270983213,46751,0.0000427798335864474
E8r1,21,Env,1,178,0.00561797752808989,61,0.342696629213483,46751,0.0000213899167932237
E8r1,17,Env,2,413,0.00484261501210654,139,0.336561743341404,46751,0.0000427798335864474
E8r1,11,Env,1,683,0.00146412884333821,218,0.319180087847731,46751,0.0000213899167932237
E8r2,14,Env,85,616,0.137987012987013,457,0.741883116883117,39603,0.00214630204782466
E8r2,9,Env,52,791,0.0657395701643489,229,0.289506953223767,39603,0.00131303184102214
E8r2,2,Env,311,1499,0.207471647765177,862,0.57505003335557,39603,0.00785294043380552
E8r2,0,Env,451,1830,0.246448087431694,1196,0.653551912568306,39603,0.0113880261596344
E8r2,1,Env,305,1648,0.185072815533981,903,0.547936893203884,39603,0.00770143675984143
E8r2,7,Env,71,1035,0.0685990338164251,237,0.228985507246377,39603,0.00179279347524177
E8r2,3,Env,42,1468,0.0286103542234332,221,0.150544959128065,39603,0.00106052571774866
E8r2,6,Env,32,1048,0.0305343511450382,135,0.12881679389313,39603,0.000808019594475166
E8r2,12,Env,39,667,0.0584707646176912,197,0.295352323838081,39603,0.000984773880766609
E8r2,10,Env,70,760,0.0921052631578947,298,0.392105263157895,39603,0.00176754286291443
E8r2,15,Env,29,459,0.0631808278867102,107,0.233115468409586,39603,0.000732267757493119
E8r2,13,Env,30,637,0.0470957613814757,159,0.249607535321821,39603,0.000757518369820468
E8r2,20,Env,16,206,0.0776699029126214,70,0.339805825242718,39603,0.000404009797237583
E8r2,22,Env,13,159,0.0817610062893082,61,0.383647798742138,39603,0.000328257960255536
E8r2,19,Env,19,303,0.0627062706270627,67,0.221122112211221,39603,0.00047976163421963
E8r2,16,Env,40,423,0.0945626477541371,231,0.546099290780142,39603,0.00101002449309396
E8r2,5,Env,9,1349,0.00667160859896219,86,0.0637509266123054,39603,0.00022725551094614
E8r2,18,Env,4,342,0.0116959064327485,113,0.330409356725146,39603,0.000101002449309396
E8r2,21,Env,1,178,0.00561797752808989,61,0.342696629213483,39603,0.0000252506123273489
E8r2,11,Env,1,683,0.00146412884333821,218,0.319180087847731,39603,0.0000252506123273489
J1r1,4,Jax,249,1359,0.183222958057395,883,0.649742457689478,21537,0.0115614988159911
J1r1,18,Jax,54,342,0.157894736842105,205,0.599415204678363,21537,0.00250731299623903
J1r1,10,Jax,33,760,0.043421052631579,235,0.309210526315789,21537,0.00153224683103496
J1r1,19,Jax,10,303,0.033003300330033,86,0.283828382838284,21537,0.000464317221525746
J1r1,21,Jax,25,178,0.140449438202247,112,0.629213483146067,21537,0.00116079305381437
J1r1,14,Jax,27,616,0.0438311688311688,126,0.204545454545455,21537,0.00125365649811952
J1r1,0,Jax,52,1830,0.0284153005464481,279,0.152459016393443,21537,0.00241444955193388
J1r1,5,Jax,63,1349,0.0467012601927354,1161,0.860637509266123,21537,0.0029251984956122
J1r1,23,Jax,11,138,0.0797101449275362,69,0.5,21537,0.000510748943678321
J1r1,13,Jax,25,637,0.0392464678178964,148,0.232339089481947,21537,0.00116079305381437
J1r1,6,Jax,30,1048,0.0286259541984733,247,0.235687022900763,21537,0.00139295166457724
J1r1,8,Jax,150,834,0.179856115107914,526,0.630695443645084,21537,0.0069647583228862
J1r1,20,Jax,14,206,0.0679611650485437,65,0.315533980582524,21537,0.000650044110136045
J1r1,7,Jax,31,1035,0.029951690821256,297,0.28695652173913,21537,0.00143938338672981
J1r1,3,Jax,59,1468,0.0401907356948229,317,0.215940054495913,21537,0.0027394716070019
J1r1,1,Jax,26,1648,0.0157766990291262,222,0.134708737864078,21537,0.00120722477596694
J1r1,16,Jax,17,423,0.0401891252955083,68,0.160756501182033,21537,0.000789339276593769
J1r1,22,Jax,10,159,0.0628930817610063,37,0.232704402515723,21537,0.000464317221525746
J1r1,11,Jax,107,683,0.156661786237189,383,0.560761346998536,21537,0.00496819427032549
J1r1,2,Jax,31,1499,0.0206804536357572,208,0.138759172781855,21537,0.00143938338672981
J1r1,17,Jax,12,413,0.0290556900726392,70,0.169491525423729,21537,0.000557180665830896
J1r1,12,Jax,29,667,0.0434782608695652,172,0.257871064467766,21537,0.00134651994242466
J1r1,9,Jax,26,791,0.0328697850821745,230,0.290771175726928,21537,0.00120722477596694
J1r1,15,Jax,3,459,0.0065359477124183,65,0.14161220043573,21537,0.000139295166457724
J1r2,1,Jax,63,1648,0.0382281553398058,222,0.134708737864078,33303,0.00189172146653455
J1r2,0,Jax,64,1830,0.0349726775956284,279,0.152459016393443,33303,0.00192174879140017
J1r2,10,Jax,52,760,0.068421052631579,235,0.309210526315789,33303,0.00156142089301264
J1r2,5,Jax,32,1349,0.0237212750185322,1161,0.860637509266123,33303,0.000960874395700087
J1r2,7,Jax,62,1035,0.0599033816425121,297,0.28695652173913,33303,0.00186169414166892
J1r2,14,Jax,29,616,0.0470779220779221,126,0.204545454545455,33303,0.000870792421103204
J1r2,9,Jax,39,791,0.0493046776232617,230,0.290771175726928,33303,0.00117106566975948
J1r2,15,Jax,28,459,0.0610021786492375,65,0.14161220043573,33303,0.000840765096237576
J1r2,4,Jax,158,1359,0.11626195732156,883,0.649742457689478,33303,0.00474431732876918
J1r2,11,Jax,73,683,0.10688140556369,383,0.560761346998536,33303,0.00219199471519082
J1r2,21,Jax,30,178,0.168539325842697,112,0.629213483146067,33303,0.000900819745968832
J1r2,23,Jax,12,138,0.0869565217391304,69,0.5,33303,0.000360327898387533
J1r2,17,Jax,29,413,0.0702179176755448,70,0.169491525423729,33303,0.000870792421103204
J1r2,20,Jax,16,206,0.0776699029126214,65,0.315533980582524,33303,0.000480437197850044
J1r2,8,Jax,100,834,0.119904076738609,526,0.630695443645084,33303,0.00300273248656277
J1r2,3,Jax,77,1468,0.0524523160762943,317,0.215940054495913,33303,0.00231210401465333
J1r2,6,Jax,41,1048,0.0391221374045802,247,0.235687022900763,33303,0.00123112031949074
J1r2,16,Jax,19,423,0.0449172576832151,68,0.160756501182033,33303,0.000570519172446927
J1r2,13,Jax,35,637,0.0549450549450549,148,0.232339089481947,33303,0.00105095637029697
J1r2,22,Jax,11,159,0.0691823899371069,37,0.232704402515723,33303,0.000330300573521905
J1r2,2,Jax,62,1499,0.0413609072715143,208,0.138759172781855,33303,0.00186169414166892
J1r2,12,Jax,42,667,0.0629685157421289,172,0.257871064467766,33303,0.00126114764435636
J1r2,19,Jax,14,303,0.0462046204620462,86,0.283828382838284,33303,0.000420382548118788
J1r2,18,Jax,44,342,0.128654970760234,205,0.599415204678363,33303,0.00132120229408762
J2r1,5,Jax,553,1349,0.40993328391401,1161,0.860637509266123,35634,0.0155188864567548
J2r1,6,Jax,83,1048,0.0791984732824427,247,0.235687022900763,35634,0.00232923612280406
J2r1,10,Jax,58,760,0.0763157894736842,235,0.309210526315789,35634,0.00162765897738115
J2r1,1,Jax,44,1648,0.0266990291262136,222,0.134708737864078,35634,0.00123477577594432
J2r1,15,Jax,22,459,0.0479302832244009,65,0.14161220043573,35634,0.000617387887972161
J2r1,4,Jax,125,1359,0.0919793966151582,883,0.649742457689478,35634,0.00350788572711455
J2r1,0,Jax,71,1830,0.0387978142076503,279,0.152459016393443,35634,0.00199247909300107
J2r1,21,Jax,22,178,0.123595505617978,112,0.629213483146067,35634,0.000617387887972161
J2r1,19,Jax,23,303,0.0759075907590759,86,0.283828382838284,35634,0.000645450973789078
J2r1,17,Jax,14,413,0.0338983050847458,70,0.169491525423729,35634,0.00039288320143683
J2r1,23,Jax,9,138,0.0652173913043478,69,0.5,35634,0.000252567772352248
J2r1,7,Jax,81,1035,0.0782608695652174,297,0.28695652173913,35634,0.00227310995117023
J2r1,13,Jax,37,637,0.0580847723704867,148,0.232339089481947,35634,0.00103833417522591
J2r1,12,Jax,26,667,0.0389805097451274,172,0.257871064467766,35634,0.000729640231239827
J2r1,20,Jax,12,206,0.058252427184466,65,0.315533980582524,35634,0.000336757029802997
J2r1,11,Jax,45,683,0.0658857979502196,383,0.560761346998536,35634,0.00126283886176124
J2r1,3,Jax,75,1468,0.0510899182561308,317,0.215940054495913,35634,0.00210473143626873
J2r1,8,Jax,80,834,0.0959232613908873,526,0.630695443645084,35634,0.00224504686535331
J2r1,14,Jax,32,616,0.051948051948052,126,0.204545454545455,35634,0.000898018746141326
J2r1,9,Jax,68,791,0.0859671302149178,230,0.290771175726928,35634,0.00190828983555032
J2r1,2,Jax,48,1499,0.0320213475650434,208,0.138759172781855,35634,0.00134702811921199
J2r1,18,Jax,24,342,0.0701754385964912,205,0.599415204678363,35634,0.000673514059605994
J2r1,16,Jax,12,423,0.0283687943262411,68,0.160756501182033,35634,0.000336757029802997
J2r1,22,Jax,6,159,0.0377358490566038,37,0.232704402515723,35634,0.000168378514901499
J2r2,5,Jax,495,1349,0.366938472942921,1161,0.860637509266123,38528,0.0128477990033223
J2r2,12,Jax,35,667,0.0524737631184408,172,0.257871064467766,38528,0.00090843023255814
J2r2,6,Jax,76,1048,0.0725190839694656,247,0.235687022900763,38528,0.00197259136212625
J2r2,4,Jax,108,1359,0.0794701986754967,883,0.649742457689478,38528,0.0028031561461794
J2r2,0,Jax,62,1830,0.033879781420765,279,0.152459016393443,38528,0.00160921926910299
J2r2,23,Jax,11,138,0.0797101449275362,69,0.5,38528,0.000285506644518272
J2r2,13,Jax,34,637,0.0533751962323391,148,0.232339089481947,38528,0.000882475083056478
J2r2,1,Jax,44,1648,0.0266990291262136,222,0.134708737864078,38528,0.00114202657807309
J2r2,21,Jax,11,178,0.0617977528089888,112,0.629213483146067,38528,0.000285506644518272
J2r2,10,Jax,62,760,0.0815789473684211,235,0.309210526315789,38528,0.00160921926910299
J2r2,19,Jax,31,303,0.102310231023102,86,0.283828382838284,38528,0.000804609634551495
J2r2,20,Jax,10,206,0.0485436893203883,65,0.315533980582524,38528,0.000259551495016611
J2r2,11,Jax,47,683,0.068814055636896,383,0.560761346998536,38528,0.00121989202657807
J2r2,9,Jax,68,791,0.0859671302149178,230,0.290771175726928,38528,0.00176495016611296
J2r2,3,Jax,66,1468,0.0449591280653951,317,0.215940054495913,38528,0.00171303986710963
J2r2,7,Jax,73,1035,0.0705314009661836,297,0.28695652173913,38528,0.00189472591362126
J2r2,8,Jax,60,834,0.0719424460431655,526,0.630695443645084,38528,0.00155730897009967
J2r2,22,Jax,6,159,0.0377358490566038,37,0.232704402515723,38528,0.000155730897009967
J2r2,2,Jax,26,1499,0.0173448965977318,208,0.138759172781855,38528,0.000674833887043189
J2r2,14,Jax,20,616,0.0324675324675325,126,0.204545454545455,38528,0.000519102990033223
J2r2,18,Jax,16,342,0.0467836257309941,205,0.599415204678363,38528,0.000415282392026578
J2r2,16,Jax,13,423,0.0307328605200946,68,0.160756501182033,38528,0.000337416943521595
J2r2,17,Jax,7,413,0.0169491525423729,70,0.169491525423729,38528,0.000181686046511628
J2r2,15,Jax,3,459,0.0065359477124183,65,0.14161220043573,38528,0.0000778654485049834
J3r1,11,Jax,52,683,0.0761346998535871,383,0.560761346998536,9422,0.00551899808957758
J3r1,4,Jax,112,1359,0.0824135393671818,883,0.649742457689478,9422,0.011887072808321
J3r1,23,Jax,8,138,0.0579710144927536,69,0.5,9422,0.000849076629165782
J3r1,10,Jax,8,760,0.0105263157894737,235,0.309210526315789,9422,0.000849076629165782
J3r1,8,Jax,69,834,0.0827338129496403,526,0.630695443645084,9422,0.00732328592655487
J3r1,18,Jax,24,342,0.0701754385964912,205,0.599415204678363,9422,0.00254722988749735
J3r1,1,Jax,17,1648,0.0103155339805825,222,0.134708737864078,9422,0.00180428783697729
J3r1,6,Jax,5,1048,0.00477099236641221,247,0.235687022900763,9422,0.000530672893228614
J3r1,7,Jax,22,1035,0.021256038647343,297,0.28695652173913,9422,0.0023349607302059
J3r1,21,Jax,9,178,0.050561797752809,112,0.629213483146067,9422,0.000955211207811505
J3r1,0,Jax,15,1830,0.00819672131147541,279,0.152459016393443,9422,0.00159201867968584
J3r1,2,Jax,11,1499,0.00733822548365577,208,0.138759172781855,9422,0.00116748036510295
J3r1,3,Jax,12,1468,0.00817438692098093,317,0.215940054495913,9422,0.00127361494374867
J3r1,20,Jax,6,206,0.029126213592233,65,0.315533980582524,9422,0.000636807471874337
J3r1,5,Jax,8,1349,0.00593031875463306,1161,0.860637509266123,9422,0.000849076629165782
J3r1,22,Jax,2,159,0.0125786163522013,37,0.232704402515723,9422,0.000212269157291446
J3r1,15,Jax,6,459,0.0130718954248366,65,0.14161220043573,9422,0.000636807471874337
J3r1,16,Jax,3,423,0.00709219858156028,68,0.160756501182033,9422,0.000318403735937168
J3r1,14,Jax,9,616,0.0146103896103896,126,0.204545454545455,9422,0.000955211207811505
J3r1,12,Jax,13,667,0.0194902548725637,172,0.257871064467766,9422,0.0013797495223944
J3r1,17,Jax,2,413,0.00484261501210654,70,0.169491525423729,9422,0.000212269157291446
J3r1,9,Jax,15,791,0.0189633375474083,230,0.290771175726928,9422,0.00159201867968584
J3r1,13,Jax,5,637,0.00784929356357928,148,0.232339089481947,9422,0.000530672893228614
J3r1,19,Jax,3,303,0.0099009900990099,86,0.283828382838284,9422,0.000318403735937168
J3r2,4,Jax,35,1359,0.0257542310522443,883,0.649742457689478,16606,0.00210767192580995
J3r2,23,Jax,8,138,0.0579710144927536,69,0.5,16606,0.000481753583042274
J3r2,21,Jax,4,178,0.0224719101123595,112,0.629213483146067,16606,0.000240876791521137
J3r2,10,Jax,6,760,0.00789473684210526,235,0.309210526315789,16606,0.000361315187281705
J3r2,20,Jax,6,206,0.029126213592233,65,0.315533980582524,16606,0.000361315187281705
J3r2,6,Jax,6,1048,0.00572519083969466,247,0.235687022900763,16606,0.000361315187281705
J3r2,7,Jax,14,1035,0.0135265700483092,297,0.28695652173913,16606,0.000843068770323979
J3r2,0,Jax,9,1830,0.00491803278688525,279,0.152459016393443,16606,0.000541972780922558
J3r2,2,Jax,13,1499,0.00867244829886591,208,0.138759172781855,16606,0.000782849572443695
J3r2,18,Jax,14,342,0.0409356725146199,205,0.599415204678363,16606,0.000843068770323979
J3r2,3,Jax,17,1468,0.0115803814713896,317,0.215940054495913,16606,0.00102372636396483
J3r2,22,Jax,1,159,0.00628930817610063,37,0.232704402515723,16606,0.0000602191978802842
J3r2,12,Jax,14,667,0.0209895052473763,172,0.257871064467766,16606,0.000843068770323979
J3r2,14,Jax,2,616,0.00324675324675325,126,0.204545454545455,16606,0.000120438395760568
J3r2,11,Jax,11,683,0.0161054172767204,383,0.560761346998536,16606,0.000662411176683127
J3r2,1,Jax,19,1648,0.0115291262135922,222,0.134708737864078,16606,0.0011441647597254
J3r2,8,Jax,18,834,0.0215827338129496,526,0.630695443645084,16606,0.00108394556184512
J3r2,13,Jax,8,637,0.0125588697017268,148,0.232339089481947,16606,0.000481753583042274
J3r2,9,Jax,5,791,0.00632111251580278,230,0.290771175726928,16606,0.000301095989401421
J3r2,16,Jax,2,423,0.00472813238770686,68,0.160756501182033,16606,0.000120438395760568
J3r2,5,Jax,2,1349,0.00148257968865827,1161,0.860637509266123,16606,0.000120438395760568
J3r2,17,Jax,3,413,0.00726392251815981,70,0.169491525423729,16606,0.000180657593640853
J4r1,11,Jax,46,683,0.0673499267935578,383,0.560761346998536,6972,0.0065978198508319
J4r1,4,Jax,85,1359,0.0625459896983076,883,0.649742457689478,6972,0.0121916236374068
J4r1,23,Jax,9,138,0.0652173913043478,69,0.5,6972,0.00129087779690189
J4r1,13,Jax,4,637,0.00627943485086342,148,0.232339089481947,6972,0.00057372346528973
J4r1,5,Jax,7,1349,0.00518902891030393,1161,0.860637509266123,6972,0.00100401606425703
J4r1,8,Jax,44,834,0.052757793764988,526,0.630695443645084,6972,0.00631095811818703
J4r1,10,Jax,12,760,0.0157894736842105,235,0.309210526315789,6972,0.00172117039586919
J4r1,6,Jax,6,1048,0.00572519083969466,247,0.235687022900763,6972,0.000860585197934596
J4r1,12,Jax,12,667,0.0179910044977511,172,0.257871064467766,6972,0.00172117039586919
J4r1,21,Jax,8,178,0.0449438202247191,112,0.629213483146067,6972,0.00114744693057946
J4r1,0,Jax,6,1830,0.00327868852459016,279,0.152459016393443,6972,0.000860585197934596
J4r1,7,Jax,13,1035,0.01256038647343,297,0.28695652173913,6972,0.00186460126219162
J4r1,18,Jax,26,342,0.0760233918128655,205,0.599415204678363,6972,0.00372920252438325
J4r1,17,Jax,2,413,0.00484261501210654,70,0.169491525423729,6972,0.000286861732644865
J4r1,2,Jax,16,1499,0.0106737825216811,208,0.138759172781855,6972,0.00229489386115892
J4r1,3,Jax,11,1468,0.00749318801089918,317,0.215940054495913,6972,0.00157773952954676
J4r1,15,Jax,3,459,0.0065359477124183,65,0.14161220043573,6972,0.000430292598967298
J4r1,16,Jax,2,423,0.00472813238770686,68,0.160756501182033,6972,0.000286861732644865
J4r1,14,Jax,7,616,0.0113636363636364,126,0.204545454545455,6972,0.00100401606425703
J4r1,19,Jax,4,303,0.0132013201320132,86,0.283828382838284,6972,0.00057372346528973
J4r1,1,Jax,8,1648,0.00485436893203883,222,0.134708737864078,6972,0.00114744693057946
J4r1,9,Jax,8,791,0.0101137800252845,230,0.290771175726928,6972,0.00114744693057946
J4r1,20,Jax,1,206,0.00485436893203883,65,0.315533980582524,6972,0.000143430866322433
J4r1,22,Jax,1,159,0.00628930817610063,37,0.232704402515723,6972,0.000143430866322433
J4r2,8,Jax,5,834,0.00599520383693046,526,0.630695443645084,2704,0.0018491124260355
J4r2,4,Jax,11,1359,0.00809418690213392,883,0.649742457689478,2704,0.00406804733727811
J4r2,11,Jax,2,683,0.00292825768667643,383,0.560761346998536,2704,0.000739644970414201
J4r2,21,Jax,3,178,0.0168539325842697,112,0.629213483146067,2704,0.0011094674556213
J4r2,7,Jax,1,1035,0.000966183574879227,297,0.28695652173913,2704,0.000369822485207101
J4r2,2,Jax,1,1499,0.00066711140760507,208,0.138759172781855,2704,0.000369822485207101
J4r2,10,Jax,4,760,0.00526315789473684,235,0.309210526315789,2704,0.0014792899408284
J4r2,18,Jax,3,342,0.0087719298245614,205,0.599415204678363,2704,0.0011094674556213
J4r2,17,Jax,1,413,0.00242130750605327,70,0.169491525423729,2704,0.000369822485207101
J4r2,5,Jax,1,1349,0.000741289844329133,1161,0.860637509266123,2704,0.000369822485207101
J4r2,12,Jax,1,667,0.00149925037481259,172,0.257871064467766,2704,0.000369822485207101
J4r2,19,Jax,1,303,0.0033003300330033,86,0.283828382838284,2704,0.000369822485207101
J4r2,23,Jax,1,138,0.0072463768115942,69,0.5,2704,0.000369822485207101
J4r2,1,Jax,1,1648,0.000606796116504854,222,0.134708737864078,2704,0.000369822485207101
J4r2,9,Jax,1,791,0.00126422250316056,230,0.290771175726928,2704,0.000369822485207101
JE10r1,6,Env2Jax,89,1048,0.0849236641221374,666,0.635496183206107,69237,0.00128543986596762
JE10r1,3,Env2Jax,381,1468,0.259536784741144,930,0.633514986376022,69237,0.00550283807790632
JE10r1,16,Env2Jax,62,423,0.146572104018913,124,0.293144208037825,69237,0.000895474962808903
JE10r1,0,Env2Jax,61,1830,0.0333333333333333,355,0.193989071038251,69237,0.000881031818247469
JE10r1,7,Env2Jax,70,1035,0.0676328502415459,501,0.484057971014493,69237,0.00101102011930037
JE10r1,1,Env2Jax,108,1648,0.0655339805825243,523,0.317354368932039,69237,0.00155985961263486
JE10r1,20,Env2Jax,19,206,0.0922330097087379,71,0.344660194174757,69237,0.000274419746667244
JE10r1,13,Env2Jax,74,637,0.116169544740973,330,0.518053375196232,69237,0.00106879269754611
JE10r1,10,Env2Jax,27,760,0.0355263157894737,227,0.298684210526316,69237,0.000389964903158716
JE10r1,2,Env2Jax,74,1499,0.0493662441627752,429,0.286190793862575,69237,0.00106879269754611
JE10r1,12,Env2Jax,86,667,0.128935532233883,298,0.446776611694153,69237,0.00124211043228332
JE10r1,11,Env2Jax,25,683,0.0366032210834553,82,0.120058565153734,69237,0.000361078614035848
JE10r1,19,Env2Jax,9,303,0.0297029702970297,150,0.495049504950495,69237,0.000129988301052905
JE10r1,8,Env2Jax,7,834,0.00839328537170264,7,0.00839328537170264,69237,0.000101102011930037
JE10r1,14,Env2Jax,3,616,0.00487012987012987,33,0.0535714285714286,69237,0.0000433294336843017
JE10r1,22,Env2Jax,6,159,0.0377358490566038,61,0.383647798742138,69237,0.0000866588673686035
JE10r1,21,Env2Jax,1,178,0.00561797752808989,5,0.0280898876404494,69237,0.0000144431445614339
JE10r1,17,Env2Jax,10,413,0.0242130750605327,204,0.493946731234867,69237,0.000144431445614339
JE10r1,5,Env2Jax,10,1349,0.00741289844329133,102,0.0756115641215715,69237,0.000144431445614339
JE10r1,9,Env2Jax,24,791,0.0303413400758533,332,0.419721871049305,69237,0.000346635469474414
JE10r1,4,Env2Jax,1,1359,0.000735835172921266,4,0.00294334069168506,69237,0.0000144431445614339
JE10r1,18,Env2Jax,4,342,0.0116959064327485,24,0.0701754385964912,69237,0.0000577725782457357
JE10r2,12,Env2Jax,93,667,0.139430284857571,298,0.446776611694153,52334,0.00177704742614744
JE10r2,6,Env2Jax,85,1048,0.0811068702290076,666,0.635496183206107,52334,0.00162418313142508
JE10r2,3,Env2Jax,394,1468,0.268392370572207,930,0.633514986376022,52334,0.00752856651507624
JE10r2,7,Env2Jax,84,1035,0.0811594202898551,501,0.484057971014493,52334,0.00160507509458478
JE10r2,13,Env2Jax,86,637,0.135007849293564,330,0.518053375196232,52334,0.00164329116826537
JE10r2,0,Env2Jax,69,1830,0.0377049180327869,355,0.193989071038251,52334,0.00131845454198036
JE10r2,16,Env2Jax,53,423,0.125295508274232,124,0.293144208037825,52334,0.00101272595253564
JE10r2,1,Env2Jax,104,1648,0.0631067961165049,523,0.317354368932039,52334,0.00198723583139068
JE10r2,10,Env2Jax,47,760,0.0618421052631579,227,0.298684210526316,52334,0.000898077731493866
JE10r2,20,Env2Jax,21,206,0.101941747572816,71,0.344660194174757,52334,0.000401268773646196
JE10r2,5,Env2Jax,18,1349,0.0133432171979244,102,0.0756115641215715,52334,0.000343944663125311
JE10r2,11,Env2Jax,30,683,0.0439238653001464,82,0.120058565153734,52334,0.000573241105208851
JE10r2,2,Env2Jax,63,1499,0.0420280186791194,429,0.286190793862575,52334,0.00120380632093859
JE10r2,14,Env2Jax,13,616,0.0211038961038961,33,0.0535714285714286,52334,0.000248404478923835
JE10r2,19,Env2Jax,5,303,0.0165016501650165,150,0.495049504950495,52334,0.0000955401842014751
JE10r2,22,Env2Jax,7,159,0.0440251572327044,61,0.383647798742138,52334,0.000133756257882065
JE10r2,9,Env2Jax,18,791,0.02275600505689,332,0.419721871049305,52334,0.000343944663125311
JE10r2,17,Env2Jax,7,413,0.0169491525423729,204,0.493946731234867,52334,0.000133756257882065
JE10r2,18,Env2Jax,8,342,0.0233918128654971,24,0.0701754385964912,52334,0.00015286429472236
JE10r2,4,Env2Jax,1,1359,0.000735835172921266,4,0.00294334069168506,52334,0.000019108036840295
JE11r1,3,Env2Jax,23,1468,0.0156675749318801,930,0.633514986376022,43968,0.000523107714701601
JE11r1,15,Env2Jax,105,459,0.228758169934641,287,0.625272331154684,43968,0.00238810043668122
JE11r1,1,Env2Jax,31,1648,0.0188106796116505,523,0.317354368932039,43968,0.000705058224163028
JE11r1,19,Env2Jax,52,303,0.171617161716172,150,0.495049504950495,43968,0.00118267831149927
JE11r1,7,Env2Jax,81,1035,0.0782608695652174,501,0.484057971014493,43968,0.00184224890829694
JE11r1,2,Env2Jax,31,1499,0.0206804536357572,429,0.286190793862575,43968,0.000705058224163028
JE11r1,17,Env2Jax,45,413,0.108958837772397,204,0.493946731234867,43968,0.00102347161572052
JE11r1,13,Env2Jax,66,637,0.103610675039246,330,0.518053375196232,43968,0.00150109170305677
JE11r1,9,Env2Jax,67,791,0.0847029077117573,332,0.419721871049305,43968,0.00152383551673945
JE11r1,6,Env2Jax,56,1048,0.0534351145038168,666,0.635496183206107,43968,0.00127365356622999
JE11r1,0,Env2Jax,42,1830,0.0229508196721311,355,0.193989071038251,43968,0.000955240174672489
JE11r1,10,Env2Jax,36,760,0.0473684210526316,227,0.298684210526316,43968,0.000818777292576419
JE11r1,22,Env2Jax,9,159,0.0566037735849057,61,0.383647798742138,43968,0.000204694323144105
JE11r1,20,Env2Jax,2,206,0.00970873786407767,71,0.344660194174757,43968,0.0000454876273653566
JE11r1,12,Env2Jax,32,667,0.047976011994003,298,0.446776611694153,43968,0.000727802037845706
JE11r1,11,Env2Jax,2,683,0.00292825768667643,82,0.120058565153734,43968,0.0000454876273653566
JE11r1,21,Env2Jax,1,178,0.00561797752808989,5,0.0280898876404494,43968,0.0000227438136826783
JE11r1,18,Env2Jax,2,342,0.00584795321637427,24,0.0701754385964912,43968,0.0000454876273653566
JE11r1,5,Env2Jax,17,1349,0.0126019273535953,102,0.0756115641215715,43968,0.000386644832605531
JE11r1,14,Env2Jax,2,616,0.00324675324675325,33,0.0535714285714286,43968,0.0000454876273653566
JE11r2,15,Env2Jax,129,459,0.281045751633987,287,0.625272331154684,37693,0.00342238611943862
JE11r2,7,Env2Jax,88,1035,0.085024154589372,501,0.484057971014493,37693,0.00233465099620619
JE11r2,13,Env2Jax,46,637,0.0722135007849294,330,0.518053375196232,37693,0.00122038574801687
JE11r2,17,Env2Jax,46,413,0.11138014527845,204,0.493946731234867,37693,0.00122038574801687
JE11r2,19,Env2Jax,33,303,0.108910891089109,150,0.495049504950495,37693,0.000875494123577322
JE11r2,12,Env2Jax,37,667,0.055472263868066,298,0.446776611694153,37693,0.000981614623404876
JE11r2,0,Env2Jax,39,1830,0.0213114754098361,355,0.193989071038251,37693,0.00103467487331865
JE11r2,6,Env2Jax,60,1048,0.0572519083969466,666,0.635496183206107,37693,0.00159180749741331
JE11r2,20,Env2Jax,8,206,0.0388349514563107,71,0.344660194174757,37693,0.000212240999655108
JE11r2,10,Env2Jax,35,760,0.0460526315789474,227,0.298684210526316,37693,0.000928554373491099
JE11r2,22,Env2Jax,8,159,0.050314465408805,61,0.383647798742138,37693,0.000212240999655108
JE11r2,9,Env2Jax,64,791,0.0809102402022756,332,0.419721871049305,37693,0.00169792799724087
JE11r2,1,Env2Jax,42,1648,0.0254854368932039,523,0.317354368932039,37693,0.00111426524818932
JE11r2,5,Env2Jax,17,1349,0.0126019273535953,102,0.0756115641215715,37693,0.000451012124267105
JE11r2,3,Env2Jax,28,1468,0.0190735694822888,930,0.633514986376022,37693,0.000742843498792879
JE11r2,23,Env2Jax,1,138,0.0072463768115942,4,0.0289855072463768,37693,0.0000265301249568885
JE11r2,2,Env2Jax,26,1499,0.0173448965977318,429,0.286190793862575,37693,0.000689783248879102
JE11r2,14,Env2Jax,4,616,0.00649350649350649,33,0.0535714285714286,37693,0.000106120499827554
JE11r2,11,Env2Jax,2,683,0.00292825768667643,82,0.120058565153734,37693,0.0000530602499137771
JE11r2,16,Env2Jax,1,423,0.00236406619385343,124,0.293144208037825,37693,0.0000265301249568885
JE12r1,9,Env2Jax,63,791,0.079646017699115,332,0.419721871049305,27598,0.00228277411406624
JE12r1,7,Env2Jax,71,1035,0.0685990338164251,501,0.484057971014493,27598,0.0025726501920429
JE12r1,2,Env2Jax,121,1499,0.0807204803202135,429,0.286190793862575,27598,0.00438437567939706
JE12r1,0,Env2Jax,17,1830,0.0092896174863388,355,0.193989071038251,27598,0.000615986665700413
JE12r1,17,Env2Jax,49,413,0.11864406779661,204,0.493946731234867,27598,0.00177549097760707
JE12r1,15,Env2Jax,13,459,0.028322440087146,287,0.625272331154684,27598,0.000471048626712081
JE12r1,1,Env2Jax,37,1648,0.0224514563106796,523,0.317354368932039,27598,0.00134067686064208
JE12r1,22,Env2Jax,9,159,0.0566037735849057,61,0.383647798742138,27598,0.000326110587723748
JE12r1,10,Env2Jax,31,760,0.0407894736842105,227,0.298684210526316,27598,0.00112326980215958
JE12r1,19,Env2Jax,17,303,0.0561056105610561,150,0.495049504950495,27598,0.000615986665700413
JE12r1,6,Env2Jax,10,1048,0.00954198473282443,666,0.635496183206107,27598,0.000362345097470831
JE12r1,14,Env2Jax,3,616,0.00487012987012987,33,0.0535714285714286,27598,0.000108703529241249
JE12r1,12,Env2Jax,16,667,0.0239880059970015,298,0.446776611694153,27598,0.00057975215595333
JE12r1,13,Env2Jax,16,637,0.0251177394034537,330,0.518053375196232,27598,0.00057975215595333
JE12r1,3,Env2Jax,25,1468,0.0170299727520436,930,0.633514986376022,27598,0.000905862743677078
JE12r1,5,Env2Jax,13,1349,0.00963676797627873,102,0.0756115641215715,27598,0.000471048626712081
JE12r1,20,Env2Jax,3,206,0.0145631067961165,71,0.344660194174757,27598,0.000108703529241249
JE12r1,11,Env2Jax,9,683,0.0131771595900439,82,0.120058565153734,27598,0.000326110587723748
JE12r1,21,Env2Jax,1,178,0.00561797752808989,5,0.0280898876404494,27598,0.0000362345097470831
JE12r1,4,Env2Jax,1,1359,0.000735835172921266,4,0.00294334069168506,27598,0.0000362345097470831
JE12r1,23,Env2Jax,1,138,0.0072463768115942,4,0.0289855072463768,27598,0.0000362345097470831
JE12r1,16,Env2Jax,3,423,0.00709219858156028,124,0.293144208037825,27598,0.000108703529241249
JE12r1,18,Env2Jax,1,342,0.00292397660818713,24,0.0701754385964912,27598,0.0000362345097470831
JE12r2,0,Env2Jax,15,1830,0.00819672131147541,355,0.193989071038251,21608,0.000694187338022954
JE12r2,15,Env2Jax,15,459,0.0326797385620915,287,0.625272331154684,21608,0.000694187338022954
JE12r2,2,Env2Jax,109,1499,0.0727151434289526,429,0.286190793862575,21608,0.00504442798963347
JE12r2,9,Env2Jax,46,791,0.0581542351453856,332,0.419721871049305,21608,0.00212884116993706
JE12r2,10,Env2Jax,27,760,0.0355263157894737,227,0.298684210526316,21608,0.00124953720844132
JE12r2,7,Env2Jax,65,1035,0.0628019323671498,501,0.484057971014493,21608,0.0030081451314328
JE12r2,13,Env2Jax,17,637,0.0266875981161695,330,0.518053375196232,21608,0.000786745649759348
JE12r2,3,Env2Jax,23,1468,0.0156675749318801,930,0.633514986376022,21608,0.00106442058496853
JE12r2,6,Env2Jax,6,1048,0.00572519083969466,666,0.635496183206107,21608,0.000277674935209182
JE12r2,17,Env2Jax,36,413,0.0871670702179177,204,0.493946731234867,21608,0.00166604961125509
JE12r2,11,Env2Jax,6,683,0.00878477306002928,82,0.120058565153734,21608,0.000277674935209182
JE12r2,19,Env2Jax,6,303,0.0198019801980198,150,0.495049504950495,21608,0.000277674935209182
JE12r2,16,Env2Jax,2,423,0.00472813238770686,124,0.293144208037825,21608,0.0000925583117363939
JE12r2,22,Env2Jax,10,159,0.0628930817610063,61,0.383647798742138,21608,0.00046279155868197
JE12r2,1,Env2Jax,15,1648,0.00910194174757281,523,0.317354368932039,21608,0.000694187338022954
JE12r2,5,Env2Jax,9,1349,0.00667160859896219,102,0.0756115641215715,21608,0.000416512402813773
JE12r2,20,Env2Jax,4,206,0.0194174757281553,71,0.344660194174757,21608,0.000185116623472788
JE12r2,12,Env2Jax,14,667,0.0209895052473763,298,0.446776611694153,21608,0.000647908182154758
JE12r2,18,Env2Jax,1,342,0.00292397660818713,24,0.0701754385964912,21608,0.000046279155868197
JE12r2,23,Env2Jax,2,138,0.0144927536231884,4,0.0289855072463768,21608,0.0000925583117363939
JE12r2,14,Env2Jax,1,616,0.00162337662337662,33,0.0535714285714286,21608,0.000046279155868197
JE9r1,6,Env2Jax,235,1048,0.224236641221374,666,0.635496183206107,32739,0.00717798344482116
JE9r1,3,Env2Jax,39,1468,0.026566757493188,930,0.633514986376022,32739,0.00119123980573628
JE9r1,2,Env2Jax,3,1499,0.00200133422281521,429,0.286190793862575,32739,0.0000916338312104829
JE9r1,0,Env2Jax,72,1830,0.039344262295082,355,0.193989071038251,32739,0.00219921194905159
JE9r1,7,Env2Jax,30,1035,0.0289855072463768,501,0.484057971014493,32739,0.000916338312104829
JE9r1,9,Env2Jax,33,791,0.0417193426042984,332,0.419721871049305,32739,0.00100797214331531
JE9r1,1,Env2Jax,117,1648,0.070995145631068,523,0.317354368932039,32739,0.00357371941720883
JE9r1,5,Env2Jax,10,1349,0.00741289844329133,102,0.0756115641215715,32739,0.000305446104034943
JE9r1,22,Env2Jax,9,159,0.0566037735849057,61,0.383647798742138,32739,0.000274901493631449
JE9r1,19,Env2Jax,16,303,0.0528052805280528,150,0.495049504950495,32739,0.000488713766455909
JE9r1,20,Env2Jax,10,206,0.0485436893203883,71,0.344660194174757,32739,0.000305446104034943
JE9r1,11,Env2Jax,7,683,0.0102489019033675,82,0.120058565153734,32739,0.00021381227282446
JE9r1,17,Env2Jax,6,413,0.0145278450363196,204,0.493946731234867,32739,0.000183267662420966
JE9r1,10,Env2Jax,18,760,0.0236842105263158,227,0.298684210526316,32739,0.000549802987262897
JE9r1,12,Env2Jax,15,667,0.0224887556221889,298,0.446776611694153,32739,0.000458169156052415
JE9r1,4,Env2Jax,1,1359,0.000735835172921266,4,0.00294334069168506,32739,0.0000305446104034943
JE9r1,13,Env2Jax,14,637,0.021978021978022,330,0.518053375196232,32739,0.00042762454564892
JE9r1,15,Env2Jax,12,459,0.0261437908496732,287,0.625272331154684,32739,0.000366535324841932
JE9r1,18,Env2Jax,6,342,0.0175438596491228,24,0.0701754385964912,32739,0.000183267662420966
JE9r1,14,Env2Jax,2,616,0.00324675324675325,33,0.0535714285714286,32739,0.0000610892208069886
JE9r1,21,Env2Jax,2,178,0.0112359550561798,5,0.0280898876404494,32739,0.0000610892208069886
JE9r1,16,Env2Jax,1,423,0.00236406619385343,124,0.293144208037825,32739,0.0000305446104034943
JE9r2,7,Env2Jax,12,1035,0.0115942028985507,501,0.484057971014493,17888,0.000670840787119857
JE9r2,14,Env2Jax,5,616,0.00811688311688312,33,0.0535714285714286,17888,0.000279516994633274
JE9r2,3,Env2Jax,17,1468,0.0115803814713896,930,0.633514986376022,17888,0.000950357781753131
JE9r2,6,Env2Jax,125,1048,0.119274809160305,666,0.635496183206107,17888,0.00698792486583184
JE9r2,13,Env2Jax,11,637,0.0172684458398744,330,0.518053375196232,17888,0.000614937388193202
JE9r2,0,Env2Jax,40,1830,0.0218579234972678,355,0.193989071038251,17888,0.00223613595706619
JE9r2,9,Env2Jax,17,791,0.0214917825537295,332,0.419721871049305,17888,0.000950357781753131
JE9r2,5,Env2Jax,8,1349,0.00593031875463306,102,0.0756115641215715,17888,0.000447227191413238
JE9r2,1,Env2Jax,69,1648,0.041868932038835,523,0.317354368932039,17888,0.00385733452593918
JE9r2,15,Env2Jax,13,459,0.028322440087146,287,0.625272331154684,17888,0.000726744186046512
JE9r2,19,Env2Jax,12,303,0.0396039603960396,150,0.495049504950495,17888,0.000670840787119857
JE9r2,22,Env2Jax,3,159,0.0188679245283019,61,0.383647798742138,17888,0.000167710196779964
JE9r2,12,Env2Jax,5,667,0.00749625187406297,298,0.446776611694153,17888,0.000279516994633274
JE9r2,20,Env2Jax,4,206,0.0194174757281553,71,0.344660194174757,17888,0.000223613595706619
JE9r2,17,Env2Jax,5,413,0.0121065375302663,204,0.493946731234867,17888,0.000279516994633274
JE9r2,2,Env2Jax,2,1499,0.00133422281521014,429,0.286190793862575,17888,0.000111806797853309
JE9r2,18,Env2Jax,2,342,0.00584795321637427,24,0.0701754385964912,17888,0.000111806797853309
JE9r2,10,Env2Jax,6,760,0.00789473684210526,227,0.298684210526316,17888,0.000335420393559928
JE9r2,11,Env2Jax,1,683,0.00146412884333821,82,0.120058565153734,17888,0.0000559033989266547
JE9r2,16,Env2Jax,2,423,0.00472813238770686,124,0.293144208037825,17888,0.000111806797853309
